,timestamp,model,example_length,target,prediction,correct
0,143720,DeepCBOW,4,2,3,0
1,143720,DeepCBOW,21,3,2,0
2,143720,DeepCBOW,23,4,4,1
3,143720,DeepCBOW,26,2,3,0
4,143720,DeepCBOW,9,4,4,1
5,143720,DeepCBOW,20,3,1,0
6,143720,DeepCBOW,22,3,3,1
7,143720,DeepCBOW,7,3,2,0
8,143720,DeepCBOW,14,3,3,1
9,143720,DeepCBOW,15,4,4,1
10,143720,DeepCBOW,13,3,3,1
11,143720,DeepCBOW,24,3,3,1
12,143720,DeepCBOW,10,4,4,1
13,143720,DeepCBOW,12,2,1,0
14,143720,DeepCBOW,24,3,1,0
15,143720,DeepCBOW,6,2,1,0
16,143720,DeepCBOW,8,4,4,1
17,143720,DeepCBOW,17,3,4,0
18,143720,DeepCBOW,11,4,4,1
19,143720,DeepCBOW,9,4,4,1
20,143720,DeepCBOW,37,4,4,1
21,143720,DeepCBOW,16,2,3,0
22,143720,DeepCBOW,23,3,3,1
23,143720,DeepCBOW,16,3,1,0
24,143720,DeepCBOW,9,3,3,1
25,143720,DeepCBOW,14,3,4,0
26,143720,DeepCBOW,19,3,1,0
27,143720,DeepCBOW,23,1,1,1
28,143720,DeepCBOW,22,3,0,0
29,143720,DeepCBOW,13,4,0,0
30,143720,DeepCBOW,20,4,4,1
31,143720,DeepCBOW,6,2,1,0
32,143720,DeepCBOW,29,3,2,0
33,143720,DeepCBOW,33,3,3,1
34,143720,DeepCBOW,17,1,3,0
35,143720,DeepCBOW,18,3,4,0
36,143720,DeepCBOW,13,3,1,0
37,143720,DeepCBOW,42,3,3,1
38,143720,DeepCBOW,22,1,3,0
39,143720,DeepCBOW,14,2,1,0
40,143720,DeepCBOW,20,4,1,0
41,143720,DeepCBOW,22,0,1,0
42,143720,DeepCBOW,14,4,3,0
43,143720,DeepCBOW,16,4,3,0
44,143720,DeepCBOW,18,3,3,1
45,143720,DeepCBOW,29,2,1,0
46,143720,DeepCBOW,13,4,4,1
47,143720,DeepCBOW,24,3,3,1
48,143720,DeepCBOW,8,4,3,0
49,143720,DeepCBOW,38,3,1,0
50,143720,DeepCBOW,9,3,4,0
51,143720,DeepCBOW,13,3,4,0
52,143720,DeepCBOW,20,3,2,0
53,143720,DeepCBOW,11,4,4,1
54,143720,DeepCBOW,22,3,4,0
55,143720,DeepCBOW,24,3,1,0
56,143720,DeepCBOW,21,3,3,1
57,143720,DeepCBOW,15,2,3,0
58,143720,DeepCBOW,12,3,4,0
59,143720,DeepCBOW,14,3,2,0
60,143720,DeepCBOW,23,2,4,0
61,143720,DeepCBOW,20,3,4,0
62,143720,DeepCBOW,12,3,0,0
63,143720,DeepCBOW,25,2,3,0
64,143720,DeepCBOW,23,1,2,0
65,143720,DeepCBOW,25,3,3,1
66,143720,DeepCBOW,7,4,4,1
67,143720,DeepCBOW,26,4,4,1
68,143720,DeepCBOW,19,4,4,1
69,143720,DeepCBOW,20,4,3,0
70,143720,DeepCBOW,24,2,4,0
71,143720,DeepCBOW,4,4,3,0
72,143720,DeepCBOW,8,4,4,1
73,143720,DeepCBOW,23,4,1,0
74,143720,DeepCBOW,11,3,3,1
75,143720,DeepCBOW,22,1,1,1
76,143720,DeepCBOW,24,4,3,0
77,143720,DeepCBOW,27,3,4,0
78,143720,DeepCBOW,24,3,4,0
79,143720,DeepCBOW,17,2,1,0
80,143720,DeepCBOW,19,3,4,0
81,143720,DeepCBOW,15,4,3,0
82,143720,DeepCBOW,19,3,3,1
83,143720,DeepCBOW,31,3,4,0
84,143720,DeepCBOW,23,4,0,0
85,143720,DeepCBOW,20,4,1,0
86,143720,DeepCBOW,40,4,4,1
87,143720,DeepCBOW,9,4,3,0
88,143720,DeepCBOW,37,3,3,1
89,143720,DeepCBOW,21,3,3,1
90,143720,DeepCBOW,34,1,3,0
91,143720,DeepCBOW,16,3,0,0
92,143720,DeepCBOW,22,0,1,0
93,143720,DeepCBOW,18,3,1,0
94,143720,DeepCBOW,22,3,4,0
95,143720,DeepCBOW,7,4,1,0
96,143720,DeepCBOW,24,2,3,0
97,143720,DeepCBOW,14,4,3,0
98,143720,DeepCBOW,13,3,3,1
99,143720,DeepCBOW,26,4,3,0
100,143720,DeepCBOW,35,3,1,0
101,143720,DeepCBOW,24,3,1,0
102,143720,DeepCBOW,18,4,1,0
103,143720,DeepCBOW,14,3,4,0
104,143720,DeepCBOW,27,3,3,1
105,143720,DeepCBOW,22,4,4,1
106,143720,DeepCBOW,33,3,3,1
107,143720,DeepCBOW,11,4,3,0
108,143720,DeepCBOW,36,3,4,0
109,143720,DeepCBOW,10,3,3,1
110,143720,DeepCBOW,29,2,3,0
111,143720,DeepCBOW,15,2,3,0
112,143720,DeepCBOW,22,4,4,1
113,143720,DeepCBOW,35,3,3,1
114,143720,DeepCBOW,6,2,2,1
115,143720,DeepCBOW,25,4,2,0
116,143720,DeepCBOW,10,3,4,0
117,143720,DeepCBOW,26,1,1,1
118,143720,DeepCBOW,15,3,3,1
119,143720,DeepCBOW,28,2,3,0
120,143720,DeepCBOW,40,3,3,1
121,143720,DeepCBOW,24,4,3,0
122,143720,DeepCBOW,18,4,4,1
123,143720,DeepCBOW,26,4,2,0
124,143720,DeepCBOW,6,2,3,0
125,143720,DeepCBOW,21,3,4,0
126,143720,DeepCBOW,19,3,1,0
127,143720,DeepCBOW,34,4,3,0
128,143720,DeepCBOW,15,3,4,0
129,143720,DeepCBOW,19,3,0,0
130,143720,DeepCBOW,12,1,1,1
131,143720,DeepCBOW,7,4,2,0
132,143720,DeepCBOW,9,4,3,0
133,143720,DeepCBOW,9,3,3,1
134,143720,DeepCBOW,16,4,3,0
135,143720,DeepCBOW,10,3,4,0
136,143720,DeepCBOW,17,4,1,0
137,143720,DeepCBOW,27,3,0,0
138,143720,DeepCBOW,24,3,3,1
139,143720,DeepCBOW,19,4,3,0
140,143720,DeepCBOW,31,3,1,0
141,143720,DeepCBOW,10,1,1,1
142,143720,DeepCBOW,29,3,3,1
143,143720,DeepCBOW,34,3,3,1
144,143720,DeepCBOW,17,3,3,1
145,143720,DeepCBOW,15,3,3,1
146,143720,DeepCBOW,21,4,3,0
147,143720,DeepCBOW,32,4,3,0
148,143720,DeepCBOW,20,3,1,0
149,143720,DeepCBOW,16,3,1,0
150,143720,DeepCBOW,18,3,3,1
151,143720,DeepCBOW,25,3,3,1
152,143720,DeepCBOW,7,3,1,0
153,143720,DeepCBOW,28,1,3,0
154,143720,DeepCBOW,33,4,1,0
155,143720,DeepCBOW,20,4,4,1
156,143720,DeepCBOW,18,4,3,0
157,143720,DeepCBOW,17,1,1,1
158,143720,DeepCBOW,19,4,3,0
159,143720,DeepCBOW,56,3,1,0
160,143720,DeepCBOW,20,3,4,0
161,143720,DeepCBOW,5,3,3,1
162,143720,DeepCBOW,41,3,1,0
163,143720,DeepCBOW,39,3,3,1
164,143720,DeepCBOW,13,4,4,1
165,143720,DeepCBOW,19,3,3,1
166,143720,DeepCBOW,28,2,4,0
167,143720,DeepCBOW,23,3,3,1
168,143720,DeepCBOW,17,3,3,1
169,143720,DeepCBOW,17,3,4,0
170,143720,DeepCBOW,15,3,4,0
171,143720,DeepCBOW,23,2,3,0
172,143720,DeepCBOW,19,4,1,0
173,143720,DeepCBOW,8,4,4,1
174,143720,DeepCBOW,12,4,3,0
175,143720,DeepCBOW,14,3,3,1
176,143720,DeepCBOW,27,4,3,0
177,143720,DeepCBOW,34,2,1,0
178,143720,DeepCBOW,13,3,4,0
179,143720,DeepCBOW,14,4,4,1
180,143720,DeepCBOW,5,4,4,1
181,143720,DeepCBOW,15,0,3,0
182,143720,DeepCBOW,16,4,3,0
183,143720,DeepCBOW,10,3,3,1
184,143720,DeepCBOW,27,3,1,0
185,143720,DeepCBOW,19,3,1,0
186,143720,DeepCBOW,17,2,1,0
187,143720,DeepCBOW,31,3,3,1
188,143720,DeepCBOW,29,4,2,0
189,143720,DeepCBOW,6,4,4,1
190,143720,DeepCBOW,15,4,3,0
191,143720,DeepCBOW,31,3,3,1
192,143720,DeepCBOW,7,4,4,1
193,143720,DeepCBOW,22,3,4,0
194,143720,DeepCBOW,16,4,3,0
195,143720,DeepCBOW,22,3,1,0
196,143720,DeepCBOW,8,3,1,0
197,143720,DeepCBOW,9,4,4,1
198,143720,DeepCBOW,16,3,3,1
199,143720,DeepCBOW,15,3,4,0
200,143720,DeepCBOW,23,4,4,1
201,143720,DeepCBOW,16,3,4,0
202,143720,DeepCBOW,30,2,1,0
203,143720,DeepCBOW,26,3,3,1
204,143720,DeepCBOW,24,3,3,1
205,143720,DeepCBOW,23,3,3,1
206,143720,DeepCBOW,27,4,3,0
207,143720,DeepCBOW,19,3,2,0
208,143720,DeepCBOW,15,3,3,1
209,143720,DeepCBOW,9,3,4,0
210,143720,DeepCBOW,13,3,3,1
211,143720,DeepCBOW,15,3,3,1
212,143720,DeepCBOW,39,2,4,0
213,143720,DeepCBOW,22,3,3,1
214,143720,DeepCBOW,22,3,1,0
215,143720,DeepCBOW,17,2,1,0
216,143720,DeepCBOW,9,4,4,1
217,143720,DeepCBOW,17,3,3,1
218,143720,DeepCBOW,35,4,1,0
219,143720,DeepCBOW,12,3,4,0
220,143720,DeepCBOW,29,4,3,0
221,143720,DeepCBOW,9,4,4,1
222,143720,DeepCBOW,14,3,2,0
223,143720,DeepCBOW,27,2,2,1
224,143720,DeepCBOW,9,4,4,1
225,143720,DeepCBOW,28,3,3,1
226,143720,DeepCBOW,17,2,0,0
227,143720,DeepCBOW,4,1,1,1
228,143720,DeepCBOW,33,3,4,0
229,143720,DeepCBOW,20,4,1,0
230,143720,DeepCBOW,8,4,4,1
231,143720,DeepCBOW,28,3,3,1
232,143720,DeepCBOW,12,3,3,1
233,143720,DeepCBOW,38,4,4,1
234,143720,DeepCBOW,5,4,4,1
235,143720,DeepCBOW,15,1,2,0
236,143720,DeepCBOW,15,4,3,0
237,143720,DeepCBOW,13,4,3,0
238,143720,DeepCBOW,27,2,2,1
239,143720,DeepCBOW,8,4,1,0
240,143720,DeepCBOW,15,4,4,1
241,143720,DeepCBOW,25,3,3,1
242,143720,DeepCBOW,31,4,3,0
243,143720,DeepCBOW,24,2,1,0
244,143720,DeepCBOW,12,4,3,0
245,143720,DeepCBOW,43,3,3,1
246,143720,DeepCBOW,7,1,1,1
247,143720,DeepCBOW,8,2,2,1
248,143720,DeepCBOW,14,4,3,0
249,143720,DeepCBOW,32,3,1,0
250,143720,DeepCBOW,17,3,3,1
251,143720,DeepCBOW,8,2,2,1
252,143720,DeepCBOW,14,3,4,0
253,143720,DeepCBOW,11,4,1,0
254,143720,DeepCBOW,32,2,3,0
255,143720,DeepCBOW,21,3,3,1
256,143720,DeepCBOW,33,3,3,1
257,143720,DeepCBOW,25,4,4,1
258,143720,DeepCBOW,21,2,3,0
259,143720,DeepCBOW,13,4,1,0
260,143720,DeepCBOW,12,3,4,0
261,143720,DeepCBOW,29,2,3,0
262,143720,DeepCBOW,17,2,1,0
263,143720,DeepCBOW,13,3,0,0
264,143720,DeepCBOW,32,3,1,0
265,143720,DeepCBOW,15,1,1,1
266,143720,DeepCBOW,4,2,3,0
267,143720,DeepCBOW,38,3,3,1
268,143720,DeepCBOW,18,4,1,0
269,143720,DeepCBOW,23,4,4,1
270,143720,DeepCBOW,31,4,1,0
271,143720,DeepCBOW,20,2,2,1
272,143720,DeepCBOW,14,4,4,1
273,143720,DeepCBOW,19,3,3,1
274,143720,DeepCBOW,38,4,3,0
275,143720,DeepCBOW,12,3,3,1
276,143720,DeepCBOW,29,2,3,0
277,143720,DeepCBOW,20,2,1,0
278,143720,DeepCBOW,37,4,3,0
279,143720,DeepCBOW,23,4,4,1
280,143720,DeepCBOW,30,3,3,1
281,143720,DeepCBOW,5,4,4,1
282,143720,DeepCBOW,25,2,2,1
283,143720,DeepCBOW,11,4,4,1
284,143720,DeepCBOW,18,4,3,0
285,143720,DeepCBOW,36,3,3,1
286,143720,DeepCBOW,23,4,3,0
287,143720,DeepCBOW,27,3,2,0
288,143720,DeepCBOW,9,3,4,0
289,143720,DeepCBOW,16,4,4,1
290,143720,DeepCBOW,37,4,1,0
291,143720,DeepCBOW,26,3,3,1
292,143720,DeepCBOW,27,4,4,1
293,143720,DeepCBOW,11,4,4,1
294,143720,DeepCBOW,17,2,4,0
295,143720,DeepCBOW,27,4,2,0
296,143720,DeepCBOW,19,3,3,1
297,143720,DeepCBOW,8,3,3,1
298,143720,DeepCBOW,9,1,1,1
299,143720,DeepCBOW,14,4,3,0
300,143720,DeepCBOW,19,3,1,0
301,143720,DeepCBOW,18,4,1,0
302,143720,DeepCBOW,18,4,4,1
303,143720,DeepCBOW,22,4,2,0
304,143720,DeepCBOW,8,4,4,1
305,143720,DeepCBOW,19,4,3,0
306,143720,DeepCBOW,27,3,1,0
307,143720,DeepCBOW,26,3,3,1
308,143720,DeepCBOW,27,1,3,0
309,143720,DeepCBOW,17,4,4,1
310,143720,DeepCBOW,42,2,1,0
311,143720,DeepCBOW,23,2,1,0
312,143720,DeepCBOW,18,3,1,0
313,143720,DeepCBOW,18,3,1,0
314,143720,DeepCBOW,13,3,3,1
315,143720,DeepCBOW,4,2,1,0
316,143720,DeepCBOW,19,3,3,1
317,143720,DeepCBOW,17,3,1,0
318,143720,DeepCBOW,42,3,2,0
319,143720,DeepCBOW,21,2,3,0
320,143720,DeepCBOW,18,3,1,0
321,143720,DeepCBOW,7,2,3,0
322,143720,DeepCBOW,17,4,4,1
323,143720,DeepCBOW,28,4,3,0
324,143720,DeepCBOW,19,2,1,0
325,143720,DeepCBOW,7,2,3,0
326,143720,DeepCBOW,21,2,4,0
327,143720,DeepCBOW,17,3,3,1
328,143720,DeepCBOW,13,4,1,0
329,143720,DeepCBOW,8,3,4,0
330,143720,DeepCBOW,6,4,3,0
331,143720,DeepCBOW,9,3,1,0
332,143720,DeepCBOW,14,4,3,0
333,143720,DeepCBOW,10,4,3,0
334,143720,DeepCBOW,22,4,4,1
335,143720,DeepCBOW,27,3,1,0
336,143720,DeepCBOW,9,4,3,0
337,143720,DeepCBOW,11,1,1,1
338,143720,DeepCBOW,15,4,4,1
339,143720,DeepCBOW,26,3,4,0
340,143720,DeepCBOW,13,3,3,1
341,143720,DeepCBOW,17,4,3,0
342,143720,DeepCBOW,9,3,4,0
343,143720,DeepCBOW,17,3,4,0
344,143720,DeepCBOW,31,3,1,0
345,143720,DeepCBOW,27,3,4,0
346,143720,DeepCBOW,17,3,3,1
347,143720,DeepCBOW,25,3,1,0
348,143720,DeepCBOW,15,2,2,1
349,143720,DeepCBOW,19,3,3,1
350,143720,DeepCBOW,28,1,4,0
351,143720,DeepCBOW,20,2,3,0
352,143720,DeepCBOW,8,4,4,1
353,143720,DeepCBOW,27,3,3,1
354,143720,DeepCBOW,11,4,1,0
355,143720,DeepCBOW,44,4,1,0
356,143720,DeepCBOW,10,4,3,0
357,143720,DeepCBOW,5,3,2,0
358,143720,DeepCBOW,12,3,3,1
359,143720,DeepCBOW,19,2,4,0
360,143720,DeepCBOW,23,3,4,0
361,143720,DeepCBOW,11,3,3,1
362,143720,DeepCBOW,41,4,3,0
363,143720,DeepCBOW,34,3,3,1
364,143720,DeepCBOW,24,4,4,1
365,143720,DeepCBOW,11,4,3,0
366,143720,DeepCBOW,25,4,1,0
367,143720,DeepCBOW,38,4,1,0
368,143720,DeepCBOW,5,4,3,0
369,143720,DeepCBOW,9,3,1,0
370,143720,DeepCBOW,16,4,0,0
371,143720,DeepCBOW,36,4,3,0
372,143720,DeepCBOW,26,4,1,0
373,143720,DeepCBOW,35,2,3,0
374,143720,DeepCBOW,7,3,4,0
375,143720,DeepCBOW,21,3,1,0
376,143720,DeepCBOW,34,4,3,0
377,143720,DeepCBOW,17,2,2,1
378,143720,DeepCBOW,8,4,3,0
379,143720,DeepCBOW,24,4,3,0
380,143720,DeepCBOW,15,4,4,1
381,143720,DeepCBOW,8,1,1,1
382,143720,DeepCBOW,15,3,4,0
383,143720,DeepCBOW,26,3,4,0
384,143720,DeepCBOW,27,4,3,0
385,143720,DeepCBOW,6,4,3,0
386,143720,DeepCBOW,18,4,3,0
387,143720,DeepCBOW,26,3,4,0
388,143720,DeepCBOW,12,4,4,1
389,143720,DeepCBOW,19,4,3,0
390,143720,DeepCBOW,31,4,2,0
391,143720,DeepCBOW,11,3,1,0
392,143720,DeepCBOW,24,3,4,0
393,143720,DeepCBOW,13,3,4,0
394,143720,DeepCBOW,20,4,4,1
395,143720,DeepCBOW,8,3,4,0
396,143720,DeepCBOW,25,4,2,0
397,143720,DeepCBOW,27,3,3,1
398,143720,DeepCBOW,29,4,3,0
399,143720,DeepCBOW,23,3,1,0
400,143720,DeepCBOW,13,3,3,1
401,143720,DeepCBOW,11,3,4,0
402,143720,DeepCBOW,6,4,4,1
403,143720,DeepCBOW,11,4,3,0
404,143720,DeepCBOW,5,2,3,0
405,143720,DeepCBOW,8,4,0,0
406,143720,DeepCBOW,28,1,1,1
407,143720,DeepCBOW,24,3,2,0
408,143720,DeepCBOW,29,2,3,0
409,143720,DeepCBOW,48,3,3,1
410,143720,DeepCBOW,14,4,1,0
411,143720,DeepCBOW,12,4,3,0
412,143720,DeepCBOW,21,4,4,1
413,143720,DeepCBOW,16,3,3,1
414,143720,DeepCBOW,21,3,3,1
415,143720,DeepCBOW,28,3,3,1
416,143720,DeepCBOW,9,3,3,1
417,143720,DeepCBOW,10,4,3,0
418,143720,DeepCBOW,20,1,1,1
419,143720,DeepCBOW,7,3,3,1
420,143720,DeepCBOW,22,4,3,0
421,143720,DeepCBOW,20,4,4,1
422,143720,DeepCBOW,10,4,1,0
423,143720,DeepCBOW,33,2,3,0
424,143720,DeepCBOW,36,3,1,0
425,143720,DeepCBOW,17,2,1,0
426,143720,DeepCBOW,28,3,3,1
427,143720,DeepCBOW,26,2,1,0
428,143720,DeepCBOW,24,3,2,0
429,143720,DeepCBOW,21,4,3,0
430,143720,DeepCBOW,8,1,3,0
431,143720,DeepCBOW,25,4,4,1
432,143720,DeepCBOW,22,4,1,0
433,143720,DeepCBOW,27,4,3,0
434,143720,DeepCBOW,25,4,3,0
435,143720,DeepCBOW,23,2,1,0
436,143720,DeepCBOW,34,2,1,0
437,143720,DeepCBOW,22,4,3,0
438,143720,DeepCBOW,18,1,1,1
439,143720,DeepCBOW,18,3,3,1
440,143720,DeepCBOW,26,4,3,0
441,143720,DeepCBOW,23,4,3,0
442,143720,DeepCBOW,26,3,3,1
443,143720,DeepCBOW,19,3,1,0
444,143720,DeepCBOW,16,3,3,1
445,143720,DeepCBOW,23,2,2,1
446,143720,DeepCBOW,23,4,4,1
447,143720,DeepCBOW,31,4,3,0
448,143720,DeepCBOW,8,2,3,0
449,143720,DeepCBOW,32,4,1,0
450,143720,DeepCBOW,30,4,1,0
451,143720,DeepCBOW,14,4,3,0
452,143720,DeepCBOW,18,3,2,0
453,143720,DeepCBOW,21,4,4,1
454,143720,DeepCBOW,29,2,1,0
455,143720,DeepCBOW,30,4,4,1
456,143720,DeepCBOW,24,3,3,1
457,143720,DeepCBOW,10,3,3,1
458,143720,DeepCBOW,15,4,3,0
459,143720,DeepCBOW,19,3,4,0
460,143720,DeepCBOW,5,4,4,1
461,143720,DeepCBOW,22,4,4,1
462,143720,DeepCBOW,35,4,3,0
463,143720,DeepCBOW,25,3,3,1
464,143720,DeepCBOW,26,3,1,0
465,143720,DeepCBOW,8,0,1,0
466,143720,DeepCBOW,24,3,4,0
467,143720,DeepCBOW,11,3,3,1
468,143720,DeepCBOW,25,3,4,0
469,143720,DeepCBOW,14,2,4,0
470,143720,DeepCBOW,5,2,4,0
471,143720,DeepCBOW,22,2,1,0
472,143720,DeepCBOW,5,3,3,1
473,143720,DeepCBOW,17,3,3,1
474,143720,DeepCBOW,24,3,1,0
475,143720,DeepCBOW,26,3,1,0
476,143720,DeepCBOW,23,4,4,1
477,143720,DeepCBOW,22,3,3,1
478,143720,DeepCBOW,32,4,3,0
479,143720,DeepCBOW,13,3,1,0
480,143720,DeepCBOW,21,3,1,0
481,143720,DeepCBOW,33,3,4,0
482,143720,DeepCBOW,17,4,1,0
483,143720,DeepCBOW,7,3,3,1
484,143720,DeepCBOW,28,3,3,1
485,143720,DeepCBOW,17,3,4,0
486,143720,DeepCBOW,7,3,3,1
487,143720,DeepCBOW,9,3,1,0
488,143720,DeepCBOW,18,4,4,1
489,143720,DeepCBOW,12,3,1,0
490,143720,DeepCBOW,10,3,1,0
491,143720,DeepCBOW,39,2,3,0
492,143720,DeepCBOW,10,2,3,0
493,143720,DeepCBOW,28,2,1,0
494,143720,DeepCBOW,20,3,1,0
495,143720,DeepCBOW,15,4,4,1
496,143720,DeepCBOW,20,4,3,0
497,143720,DeepCBOW,13,4,4,1
498,143720,DeepCBOW,29,4,4,1
499,143720,DeepCBOW,15,2,4,0
500,143720,DeepCBOW,11,4,0,0
501,143720,DeepCBOW,18,3,3,1
502,143720,DeepCBOW,19,3,3,1
503,143720,DeepCBOW,26,4,3,0
504,143720,DeepCBOW,18,3,3,1
505,143720,DeepCBOW,15,3,3,1
506,143720,DeepCBOW,21,4,4,1
507,143720,DeepCBOW,16,3,4,0
508,143720,DeepCBOW,35,4,3,0
509,143720,DeepCBOW,25,4,3,0
510,143720,DeepCBOW,15,3,4,0
511,143720,DeepCBOW,30,2,3,0
512,143720,DeepCBOW,16,3,2,0
513,143720,DeepCBOW,22,3,3,1
514,143720,DeepCBOW,18,4,0,0
515,143720,DeepCBOW,29,3,1,0
516,143720,DeepCBOW,14,2,1,0
517,143720,DeepCBOW,23,1,3,0
518,143720,DeepCBOW,31,3,1,0
519,143720,DeepCBOW,43,0,1,0
520,143720,DeepCBOW,20,4,4,1
521,143720,DeepCBOW,23,2,1,0
522,143720,DeepCBOW,20,4,4,1
523,143720,DeepCBOW,8,3,4,0
524,143720,DeepCBOW,31,3,1,0
525,143720,DeepCBOW,31,3,3,1
526,143720,DeepCBOW,22,3,4,0
527,143720,DeepCBOW,33,3,3,1
528,143720,DeepCBOW,5,3,4,0
529,143720,DeepCBOW,8,2,3,0
530,143720,DeepCBOW,19,4,3,0
531,143720,DeepCBOW,32,4,2,0
532,143720,DeepCBOW,25,3,3,1
533,143720,DeepCBOW,12,3,4,0
534,143720,DeepCBOW,16,1,1,1
535,143720,DeepCBOW,18,3,3,1
536,143720,DeepCBOW,26,3,4,0
537,143720,DeepCBOW,17,3,3,1
538,143720,DeepCBOW,8,4,3,0
539,143720,DeepCBOW,21,4,3,0
540,143720,DeepCBOW,23,4,4,1
541,143720,DeepCBOW,17,4,4,1
542,143720,DeepCBOW,17,2,3,0
543,143720,DeepCBOW,2,2,1,0
544,143720,DeepCBOW,16,4,4,1
545,143720,DeepCBOW,32,3,1,0
546,143720,DeepCBOW,11,3,4,0
547,143720,DeepCBOW,12,3,4,0
548,143720,DeepCBOW,6,4,1,0
549,143720,DeepCBOW,26,1,3,0
550,143720,DeepCBOW,12,2,3,0
551,143720,DeepCBOW,14,2,1,0
552,143720,DeepCBOW,24,4,1,0
553,143720,DeepCBOW,21,3,4,0
554,143720,DeepCBOW,13,3,3,1
555,143720,DeepCBOW,24,3,4,0
556,143720,DeepCBOW,21,1,4,0
557,143720,DeepCBOW,18,2,3,0
558,143720,DeepCBOW,2,2,1,0
559,143720,DeepCBOW,17,3,3,1
560,143720,DeepCBOW,11,4,3,0
561,143720,DeepCBOW,25,4,3,0
562,143720,DeepCBOW,26,3,2,0
563,143720,DeepCBOW,22,3,1,0
564,143720,DeepCBOW,6,1,2,0
565,143720,DeepCBOW,8,3,3,1
566,143720,DeepCBOW,16,3,3,1
567,143720,DeepCBOW,26,3,3,1
568,143720,DeepCBOW,21,2,3,0
569,143720,DeepCBOW,27,3,4,0
570,143720,DeepCBOW,33,4,3,0
571,143720,DeepCBOW,33,2,3,0
572,143720,DeepCBOW,22,3,4,0
573,143720,DeepCBOW,5,4,4,1
574,143720,DeepCBOW,13,3,2,0
575,143720,DeepCBOW,12,2,3,0
576,143720,DeepCBOW,15,4,4,1
577,143720,DeepCBOW,27,3,3,1
578,143720,DeepCBOW,10,2,2,1
579,143720,DeepCBOW,13,2,3,0
580,143720,DeepCBOW,25,3,4,0
581,143720,DeepCBOW,10,4,3,0
582,143720,DeepCBOW,14,3,3,1
583,143720,DeepCBOW,15,3,3,1
584,143720,DeepCBOW,10,4,3,0
585,143720,DeepCBOW,9,4,4,1
586,143720,DeepCBOW,24,4,4,1
587,143720,DeepCBOW,25,3,3,1
588,143720,DeepCBOW,20,3,3,1
589,143720,DeepCBOW,33,3,3,1
590,143720,DeepCBOW,22,2,2,1
591,143720,DeepCBOW,28,2,4,0
592,143720,DeepCBOW,37,4,1,0
593,143720,DeepCBOW,17,2,3,0
594,143720,DeepCBOW,19,4,3,0
595,143720,DeepCBOW,18,4,4,1
596,143720,DeepCBOW,18,4,3,0
597,143720,DeepCBOW,16,3,1,0
598,143720,DeepCBOW,8,3,3,1
599,143720,DeepCBOW,9,3,3,1
600,143720,DeepCBOW,26,3,4,0
601,143720,DeepCBOW,13,3,2,0
602,143720,DeepCBOW,20,4,3,0
603,143720,DeepCBOW,18,3,3,1
604,143720,DeepCBOW,7,4,4,1
605,143720,DeepCBOW,31,4,3,0
606,143720,DeepCBOW,16,3,1,0
607,143720,DeepCBOW,19,3,4,0
608,143720,DeepCBOW,30,4,3,0
609,143720,DeepCBOW,11,3,4,0
610,143720,DeepCBOW,23,4,3,0
611,143720,DeepCBOW,38,3,3,1
612,143720,DeepCBOW,25,4,2,0
613,143720,DeepCBOW,12,3,3,1
614,143720,DeepCBOW,23,3,3,1
615,143720,DeepCBOW,26,4,1,0
616,143720,DeepCBOW,21,4,1,0
617,143720,DeepCBOW,15,3,3,1
618,143720,DeepCBOW,20,2,3,0
619,143720,DeepCBOW,36,4,3,0
620,143720,DeepCBOW,12,3,1,0
621,143720,DeepCBOW,10,3,2,0
622,143720,DeepCBOW,22,4,2,0
623,143720,DeepCBOW,15,4,4,1
624,143720,DeepCBOW,23,1,1,1
625,143720,DeepCBOW,6,2,3,0
626,143720,DeepCBOW,15,3,3,1
627,143720,DeepCBOW,13,4,4,1
628,143720,DeepCBOW,7,3,3,1
629,143720,DeepCBOW,27,3,3,1
630,143720,DeepCBOW,36,3,1,0
631,143720,DeepCBOW,24,3,4,0
632,143720,DeepCBOW,23,3,3,1
633,143720,DeepCBOW,17,1,1,1
634,143720,DeepCBOW,11,3,3,1
635,143720,DeepCBOW,3,2,1,0
636,143720,DeepCBOW,21,3,1,0
637,143720,DeepCBOW,18,3,1,0
638,143720,DeepCBOW,12,1,2,0
639,143720,DeepCBOW,28,4,4,1
640,143720,DeepCBOW,29,3,3,1
641,143720,DeepCBOW,27,0,1,0
642,143720,DeepCBOW,18,4,3,0
643,143720,DeepCBOW,22,1,1,1
644,143720,DeepCBOW,12,0,1,0
645,143720,DeepCBOW,33,1,3,0
646,143720,DeepCBOW,22,2,1,0
647,143720,DeepCBOW,27,4,4,1
648,143720,DeepCBOW,13,3,3,1
649,143720,DeepCBOW,24,4,1,0
650,143720,DeepCBOW,26,4,1,0
651,143720,DeepCBOW,6,3,3,1
652,143720,DeepCBOW,14,1,1,1
653,143720,DeepCBOW,17,3,2,0
654,143720,DeepCBOW,13,4,4,1
655,143720,DeepCBOW,40,3,3,1
656,143720,DeepCBOW,19,4,1,0
657,143720,DeepCBOW,19,3,3,1
658,143720,DeepCBOW,3,4,4,1
659,143720,DeepCBOW,3,4,3,0
660,143720,DeepCBOW,16,2,3,0
661,143720,DeepCBOW,14,4,4,1
662,143720,DeepCBOW,17,1,2,0
663,143720,DeepCBOW,25,3,4,0
664,143720,DeepCBOW,36,3,3,1
665,143720,DeepCBOW,16,3,3,1
666,143720,DeepCBOW,23,3,4,0
667,143720,DeepCBOW,12,4,1,0
668,143720,DeepCBOW,31,3,4,0
669,143720,DeepCBOW,28,2,1,0
670,143720,DeepCBOW,29,3,4,0
671,143720,DeepCBOW,19,4,4,1
672,143720,DeepCBOW,9,4,4,1
673,143720,DeepCBOW,27,3,1,0
674,143720,DeepCBOW,20,3,3,1
675,143720,DeepCBOW,14,3,3,1
676,143720,DeepCBOW,12,2,1,0
677,143720,DeepCBOW,4,3,3,1
678,143720,DeepCBOW,18,4,4,1
679,143720,DeepCBOW,16,3,4,0
680,143720,DeepCBOW,19,4,3,0
681,143720,DeepCBOW,8,1,3,0
682,143720,DeepCBOW,11,4,4,1
683,143720,DeepCBOW,4,3,3,1
684,143720,DeepCBOW,14,4,4,1
685,143720,DeepCBOW,26,1,1,1
686,143720,DeepCBOW,8,4,3,0
687,143720,DeepCBOW,24,4,3,0
688,143720,DeepCBOW,29,3,3,1
689,143720,DeepCBOW,33,3,3,1
690,143720,DeepCBOW,16,3,4,0
691,143720,DeepCBOW,28,3,4,0
692,143720,DeepCBOW,12,3,4,0
693,143720,DeepCBOW,20,4,1,0
694,143720,DeepCBOW,12,3,4,0
695,143720,DeepCBOW,13,3,4,0
696,143720,DeepCBOW,13,4,4,1
697,143720,DeepCBOW,8,3,3,1
698,143720,DeepCBOW,33,3,4,0
699,143720,DeepCBOW,14,4,4,1
700,143720,DeepCBOW,20,2,1,0
701,143720,DeepCBOW,26,3,3,1
702,143720,DeepCBOW,26,3,4,0
703,143720,DeepCBOW,22,4,3,0
704,143720,DeepCBOW,27,4,4,1
705,143720,DeepCBOW,26,3,1,0
706,143720,DeepCBOW,9,0,2,0
707,143720,DeepCBOW,13,3,2,0
708,143720,DeepCBOW,29,3,4,0
709,143720,DeepCBOW,22,4,4,1
710,143720,DeepCBOW,32,3,2,0
711,143720,DeepCBOW,22,3,1,0
712,143720,DeepCBOW,6,3,4,0
713,143720,DeepCBOW,28,0,4,0
714,143720,DeepCBOW,12,3,4,0
715,143720,DeepCBOW,24,3,3,1
716,143720,DeepCBOW,25,4,4,1
717,143720,DeepCBOW,10,3,1,0
718,143720,DeepCBOW,24,2,1,0
719,143720,DeepCBOW,10,4,4,1
720,143720,DeepCBOW,18,3,3,1
721,143720,DeepCBOW,15,3,4,0
722,143720,DeepCBOW,23,3,1,0
723,143720,DeepCBOW,30,4,4,1
724,143720,DeepCBOW,39,2,1,0
725,143720,DeepCBOW,27,2,3,0
726,143720,DeepCBOW,24,4,3,0
727,143720,DeepCBOW,8,4,4,1
728,143720,DeepCBOW,18,4,4,1
729,143720,DeepCBOW,8,3,3,1
730,143720,DeepCBOW,5,3,3,1
731,143720,DeepCBOW,7,4,4,1
732,143720,DeepCBOW,20,4,3,0
733,143720,DeepCBOW,18,3,3,1
734,143720,DeepCBOW,17,4,3,0
735,143720,DeepCBOW,17,4,2,0
736,143720,DeepCBOW,28,3,4,0
737,143720,DeepCBOW,30,3,1,0
738,143720,DeepCBOW,7,4,3,0
739,143720,DeepCBOW,22,2,1,0
740,143720,DeepCBOW,20,2,2,1
741,143720,DeepCBOW,17,3,3,1
742,143720,DeepCBOW,18,3,3,1
743,143720,DeepCBOW,16,4,1,0
744,143720,DeepCBOW,20,3,4,0
745,143720,DeepCBOW,19,1,1,1
746,143720,DeepCBOW,23,3,4,0
747,143720,DeepCBOW,10,4,2,0
748,143720,DeepCBOW,35,4,4,1
749,143720,DeepCBOW,9,3,3,1
750,143720,DeepCBOW,14,4,4,1
751,143720,DeepCBOW,8,3,1,0
752,143720,DeepCBOW,15,2,2,1
753,143720,DeepCBOW,15,4,4,1
754,143720,DeepCBOW,19,2,3,0
755,143720,DeepCBOW,18,2,3,0
756,143720,DeepCBOW,29,4,3,0
757,143720,DeepCBOW,35,2,1,0
758,143720,DeepCBOW,22,3,0,0
759,143720,DeepCBOW,30,3,3,1
760,143720,DeepCBOW,29,4,3,0
761,143720,DeepCBOW,26,2,3,0
762,143720,DeepCBOW,20,4,3,0
763,143720,DeepCBOW,14,3,3,1
764,143720,DeepCBOW,23,2,4,0
765,143720,DeepCBOW,25,3,4,0
766,143720,DeepCBOW,10,4,3,0
767,143720,DeepCBOW,14,3,3,1
768,143720,DeepCBOW,10,4,4,1
769,143720,DeepCBOW,26,3,3,1
770,143720,DeepCBOW,14,3,4,0
771,143720,DeepCBOW,29,3,3,1
772,143720,DeepCBOW,28,2,1,0
773,143720,DeepCBOW,18,3,4,0
774,143720,DeepCBOW,24,2,1,0
775,143720,DeepCBOW,34,4,1,0
776,143720,DeepCBOW,19,2,3,0
777,143720,DeepCBOW,18,3,1,0
778,143720,DeepCBOW,28,4,3,0
779,143720,DeepCBOW,30,4,4,1
780,143720,DeepCBOW,7,4,4,1
781,143720,DeepCBOW,29,3,3,1
782,143720,DeepCBOW,30,4,4,1
783,143720,DeepCBOW,12,4,4,1
784,143720,DeepCBOW,18,3,3,1
785,143720,DeepCBOW,18,4,3,0
786,143720,DeepCBOW,10,3,4,0
787,143720,DeepCBOW,12,4,3,0
788,143720,DeepCBOW,3,4,2,0
789,143720,DeepCBOW,22,4,3,0
790,143720,DeepCBOW,7,4,3,0
791,143720,DeepCBOW,21,3,4,0
792,143720,DeepCBOW,15,3,4,0
793,143720,DeepCBOW,15,4,0,0
794,143720,DeepCBOW,24,3,1,0
795,143720,DeepCBOW,23,3,1,0
796,143720,DeepCBOW,18,3,3,1
797,143720,DeepCBOW,11,4,0,0
798,143720,DeepCBOW,25,3,3,1
799,143720,DeepCBOW,20,2,3,0
800,143720,DeepCBOW,11,3,4,0
801,143720,DeepCBOW,19,3,3,1
802,143720,DeepCBOW,16,3,4,0
803,143720,DeepCBOW,6,3,3,1
804,143720,DeepCBOW,15,4,3,0
805,143720,DeepCBOW,5,2,4,0
806,143720,DeepCBOW,30,4,3,0
807,143720,DeepCBOW,35,3,4,0
808,143720,DeepCBOW,23,4,1,0
809,143720,DeepCBOW,20,4,3,0
810,143720,DeepCBOW,24,3,2,0
811,143720,DeepCBOW,13,3,4,0
812,143720,DeepCBOW,20,4,3,0
813,143720,DeepCBOW,6,4,4,1
814,143720,DeepCBOW,7,3,4,0
815,143720,DeepCBOW,21,3,3,1
816,143720,DeepCBOW,17,3,2,0
817,143720,DeepCBOW,18,3,1,0
818,143720,DeepCBOW,13,2,3,0
819,143720,DeepCBOW,20,4,4,1
820,143720,DeepCBOW,15,4,4,1
821,143720,DeepCBOW,27,3,3,1
822,143720,DeepCBOW,30,4,3,0
823,143720,DeepCBOW,16,3,4,0
824,143720,DeepCBOW,12,3,4,0
825,143720,DeepCBOW,21,4,3,0
826,143720,DeepCBOW,31,3,3,1
827,143720,DeepCBOW,22,3,3,1
828,143720,DeepCBOW,18,3,3,1
829,143720,DeepCBOW,13,4,4,1
830,143720,DeepCBOW,11,3,1,0
831,143720,DeepCBOW,16,3,1,0
832,143720,DeepCBOW,18,3,4,0
833,143720,DeepCBOW,22,2,3,0
834,143720,DeepCBOW,30,3,3,1
835,143720,DeepCBOW,19,4,3,0
836,143720,DeepCBOW,24,4,3,0
837,143720,DeepCBOW,31,3,1,0
838,143720,DeepCBOW,8,4,3,0
839,143720,DeepCBOW,16,3,0,0
840,143720,DeepCBOW,13,0,0,1
841,143720,DeepCBOW,16,3,3,1
842,143720,DeepCBOW,15,4,4,1
843,143720,DeepCBOW,15,3,4,0
844,143720,DeepCBOW,14,3,4,0
845,143720,DeepCBOW,31,3,1,0
846,143720,DeepCBOW,11,4,2,0
847,143720,DeepCBOW,16,3,3,1
848,143720,DeepCBOW,14,3,0,0
849,143720,DeepCBOW,16,4,4,1
850,143720,DeepCBOW,9,4,1,0
851,143720,DeepCBOW,16,4,3,0
852,143720,DeepCBOW,12,4,1,0
853,143720,DeepCBOW,20,3,4,0
854,143720,DeepCBOW,33,4,4,1
855,143720,DeepCBOW,10,4,4,1
856,143720,DeepCBOW,19,4,4,1
857,143720,DeepCBOW,22,3,4,0
858,143720,DeepCBOW,30,4,3,0
859,143720,DeepCBOW,7,4,0,0
860,143720,DeepCBOW,36,3,3,1
861,143720,DeepCBOW,18,4,3,0
862,143720,DeepCBOW,23,3,3,1
863,143720,DeepCBOW,14,3,1,0
864,143720,DeepCBOW,25,1,3,0
865,143720,DeepCBOW,41,2,3,0
866,143720,DeepCBOW,8,3,4,0
867,143720,DeepCBOW,20,4,1,0
868,143720,DeepCBOW,17,3,4,0
869,143720,DeepCBOW,10,3,4,0
870,143720,DeepCBOW,9,3,4,0
871,143720,DeepCBOW,16,3,1,0
872,143720,DeepCBOW,34,3,1,0
873,143720,DeepCBOW,21,4,3,0
874,143720,DeepCBOW,8,4,4,1
875,143720,DeepCBOW,23,3,3,1
876,143720,DeepCBOW,38,3,1,0
877,143720,DeepCBOW,22,4,4,1
878,143720,DeepCBOW,6,2,2,1
879,143720,DeepCBOW,2,1,2,0
880,143720,DeepCBOW,13,2,1,0
881,143720,DeepCBOW,3,2,2,1
882,143720,DeepCBOW,8,3,3,1
883,143720,DeepCBOW,29,4,3,0
884,143720,DeepCBOW,18,2,1,0
885,143720,DeepCBOW,19,4,4,1
886,143720,DeepCBOW,4,2,3,0
887,143720,DeepCBOW,10,2,3,0
888,143720,DeepCBOW,22,2,3,0
889,143720,DeepCBOW,29,2,3,0
890,143720,DeepCBOW,29,3,1,0
891,143720,DeepCBOW,24,2,3,0
892,143720,DeepCBOW,24,3,4,0
893,143720,DeepCBOW,7,3,0,0
894,143720,DeepCBOW,22,3,3,1
895,143720,DeepCBOW,23,3,2,0
896,143720,DeepCBOW,23,4,3,0
897,143720,DeepCBOW,7,3,3,1
898,143720,DeepCBOW,13,2,3,0
899,143720,DeepCBOW,6,1,1,1
900,143720,DeepCBOW,20,2,1,0
901,143720,DeepCBOW,5,4,4,1
902,143720,DeepCBOW,6,4,4,1
903,143720,DeepCBOW,29,4,3,0
904,143720,DeepCBOW,35,4,3,0
905,143720,DeepCBOW,32,4,2,0
906,143720,DeepCBOW,18,2,3,0
907,143720,DeepCBOW,24,3,3,1
908,143720,DeepCBOW,16,4,1,0
909,143720,DeepCBOW,19,2,1,0
910,143720,DeepCBOW,6,3,3,1
911,143720,DeepCBOW,19,3,3,1
912,143720,DeepCBOW,23,3,3,1
913,143720,DeepCBOW,10,4,3,0
914,143720,DeepCBOW,19,3,3,1
915,143720,DeepCBOW,12,3,1,0
916,143720,DeepCBOW,20,2,1,0
917,143720,DeepCBOW,18,3,2,0
918,143720,DeepCBOW,30,1,1,1
919,143720,DeepCBOW,16,3,4,0
920,143720,DeepCBOW,45,4,3,0
921,143720,DeepCBOW,26,4,3,0
922,143720,DeepCBOW,29,4,3,0
923,143720,DeepCBOW,8,3,4,0
924,143720,DeepCBOW,14,2,3,0
925,143720,DeepCBOW,6,4,4,1
926,143720,DeepCBOW,27,4,1,0
927,143720,DeepCBOW,25,4,1,0
928,143720,DeepCBOW,14,2,3,0
929,143720,DeepCBOW,21,3,3,1
930,143720,DeepCBOW,22,3,3,1
931,143720,DeepCBOW,32,2,1,0
932,143720,DeepCBOW,25,2,3,0
933,143720,DeepCBOW,35,2,4,0
934,143720,DeepCBOW,10,3,4,0
935,143720,DeepCBOW,25,3,4,0
936,143720,DeepCBOW,26,4,4,1
937,143720,DeepCBOW,4,2,1,0
938,143720,DeepCBOW,10,1,4,0
939,143720,DeepCBOW,18,2,3,0
940,143720,DeepCBOW,36,3,3,1
941,143720,DeepCBOW,19,4,4,1
942,143720,DeepCBOW,26,4,4,1
943,143720,DeepCBOW,8,4,0,0
944,143720,DeepCBOW,12,1,1,1
945,143720,DeepCBOW,8,4,4,1
946,143720,DeepCBOW,8,4,4,1
947,143720,DeepCBOW,26,4,3,0
948,143720,DeepCBOW,43,4,1,0
949,143720,DeepCBOW,12,3,3,1
950,143720,DeepCBOW,19,4,4,1
951,143720,DeepCBOW,14,0,1,0
952,143720,DeepCBOW,18,3,2,0
953,143720,DeepCBOW,8,2,1,0
954,143720,DeepCBOW,20,0,1,0
955,143720,DeepCBOW,35,4,4,1
956,143720,DeepCBOW,15,3,4,0
957,143720,DeepCBOW,7,4,2,0
958,143720,DeepCBOW,15,4,3,0
959,143720,DeepCBOW,5,4,4,1
960,143720,DeepCBOW,29,4,3,0
961,143720,DeepCBOW,30,2,1,0
962,143720,DeepCBOW,26,2,4,0
963,143720,DeepCBOW,16,4,1,0
964,143720,DeepCBOW,11,1,1,1
965,143720,DeepCBOW,18,3,1,0
966,143720,DeepCBOW,33,3,4,0
967,143720,DeepCBOW,13,4,3,0
968,143720,DeepCBOW,8,3,4,0
969,143720,DeepCBOW,30,4,4,1
970,143720,DeepCBOW,23,3,1,0
971,143720,DeepCBOW,19,4,3,0
972,143720,DeepCBOW,15,4,3,0
973,143720,DeepCBOW,29,3,3,1
974,143720,DeepCBOW,21,3,3,1
975,143720,DeepCBOW,41,3,1,0
976,143720,DeepCBOW,30,2,1,0
977,143720,DeepCBOW,17,4,4,1
978,143720,DeepCBOW,28,4,3,0
979,143720,DeepCBOW,24,3,4,0
980,143720,DeepCBOW,20,4,2,0
981,143720,DeepCBOW,12,4,3,0
982,143720,DeepCBOW,32,4,3,0
983,143720,DeepCBOW,13,1,1,1
984,143720,DeepCBOW,15,2,1,0
985,143720,DeepCBOW,16,3,4,0
986,143720,DeepCBOW,18,2,1,0
987,143720,DeepCBOW,25,4,4,1
988,143720,DeepCBOW,13,3,2,0
989,143720,DeepCBOW,10,4,3,0
990,143720,DeepCBOW,12,4,4,1
991,143720,DeepCBOW,26,3,3,1
992,143720,DeepCBOW,17,4,3,0
993,143720,DeepCBOW,8,4,3,0
994,143720,DeepCBOW,44,3,1,0
995,143720,DeepCBOW,12,4,4,1
996,143720,DeepCBOW,18,1,3,0
997,143720,DeepCBOW,22,4,2,0
998,143720,DeepCBOW,17,4,1,0
999,143720,DeepCBOW,26,3,3,1
1000,143720,DeepCBOW,8,4,4,1
1001,143720,DeepCBOW,24,3,3,1
1002,143720,DeepCBOW,17,3,1,0
1003,143720,DeepCBOW,44,4,3,0
1004,143720,DeepCBOW,27,4,4,1
1005,143720,DeepCBOW,19,3,3,1
1006,143720,DeepCBOW,22,4,4,1
1007,143720,DeepCBOW,19,3,3,1
1008,143720,DeepCBOW,35,3,3,1
1009,143720,DeepCBOW,6,3,4,0
1010,143720,DeepCBOW,18,2,1,0
1011,143720,DeepCBOW,21,4,3,0
1012,143720,DeepCBOW,24,4,4,1
1013,143720,DeepCBOW,7,3,3,1
1014,143720,DeepCBOW,24,4,4,1
1015,143720,DeepCBOW,10,2,2,1
1016,143720,DeepCBOW,25,4,4,1
1017,143720,DeepCBOW,27,4,3,0
1018,143720,DeepCBOW,27,3,4,0
1019,143720,DeepCBOW,17,4,1,0
1020,143720,DeepCBOW,16,3,1,0
1021,143720,DeepCBOW,23,2,1,0
1022,143720,DeepCBOW,10,3,3,1
1023,143720,DeepCBOW,18,3,4,0
1024,143720,DeepCBOW,24,2,2,1
1025,143720,DeepCBOW,19,1,1,1
1026,143720,DeepCBOW,13,1,3,0
1027,143720,DeepCBOW,23,4,4,1
1028,143720,DeepCBOW,30,3,4,0
1029,143720,DeepCBOW,18,4,3,0
1030,143720,DeepCBOW,25,4,4,1
1031,143720,DeepCBOW,48,4,1,0
1032,143720,DeepCBOW,15,1,1,1
1033,143720,DeepCBOW,24,2,3,0
1034,143720,DeepCBOW,9,4,4,1
1035,143720,DeepCBOW,23,2,1,0
1036,143720,DeepCBOW,8,0,1,0
1037,143720,DeepCBOW,12,4,4,1
1038,143720,DeepCBOW,14,3,4,0
1039,143720,DeepCBOW,23,4,4,1
1040,143720,DeepCBOW,22,4,1,0
1041,143720,DeepCBOW,12,4,4,1
1042,143720,DeepCBOW,29,1,0,0
1043,143720,DeepCBOW,15,2,3,0
1044,143720,DeepCBOW,4,2,3,0
1045,143720,DeepCBOW,6,3,3,1
1046,143720,DeepCBOW,24,3,1,0
1047,143720,DeepCBOW,11,4,3,0
1048,143720,DeepCBOW,27,3,2,0
1049,143720,DeepCBOW,22,3,3,1
1050,143720,DeepCBOW,26,3,4,0
1051,143720,DeepCBOW,14,3,4,0
1052,143720,DeepCBOW,28,2,1,0
1053,143720,DeepCBOW,17,3,3,1
1054,143720,DeepCBOW,11,4,3,0
1055,143720,DeepCBOW,11,3,3,1
1056,143720,DeepCBOW,7,2,0,0
1057,143720,DeepCBOW,12,3,2,0
1058,143720,DeepCBOW,29,4,2,0
1059,143720,DeepCBOW,11,3,1,0
1060,143720,DeepCBOW,6,3,4,0
1061,143720,DeepCBOW,35,3,1,0
1062,143720,DeepCBOW,8,4,3,0
1063,143720,DeepCBOW,34,3,3,1
1064,143720,DeepCBOW,22,3,4,0
1065,143720,DeepCBOW,8,4,3,0
1066,143720,DeepCBOW,22,3,1,0
1067,143720,DeepCBOW,11,2,3,0
1068,143720,DeepCBOW,7,1,1,1
1069,143720,DeepCBOW,36,1,1,1
1070,143720,DeepCBOW,23,4,1,0
1071,143720,DeepCBOW,5,2,1,0
1072,143720,DeepCBOW,14,0,1,0
1073,143720,DeepCBOW,19,0,1,0
1074,143720,DeepCBOW,7,0,1,0
1075,143720,DeepCBOW,20,1,1,1
1076,143720,DeepCBOW,27,0,4,0
1077,143720,DeepCBOW,16,1,1,1
1078,143720,DeepCBOW,15,3,1,0
1079,143720,DeepCBOW,14,1,1,1
1080,143720,DeepCBOW,23,0,1,0
1081,143720,DeepCBOW,6,0,3,0
1082,143720,DeepCBOW,6,2,2,1
1083,143720,DeepCBOW,10,1,1,1
1084,143720,DeepCBOW,9,1,1,1
1085,143720,DeepCBOW,9,1,1,1
1086,143720,DeepCBOW,3,1,1,1
1087,143720,DeepCBOW,12,2,1,0
1088,143720,DeepCBOW,20,2,0,0
1089,143720,DeepCBOW,23,2,1,0
1090,143720,DeepCBOW,16,1,2,0
1091,143720,DeepCBOW,13,1,1,1
1092,143720,DeepCBOW,22,1,1,1
1093,143720,DeepCBOW,35,0,1,0
1094,143720,DeepCBOW,18,0,1,0
1095,143720,DeepCBOW,7,0,1,0
1096,143720,DeepCBOW,22,1,1,1
1097,143720,DeepCBOW,22,1,1,1
1098,143720,DeepCBOW,8,1,3,0
1099,143720,DeepCBOW,24,2,4,0
1100,143720,DeepCBOW,31,0,1,0
1101,143720,DeepCBOW,19,1,1,1
1102,143720,DeepCBOW,30,1,1,1
1103,143720,DeepCBOW,17,1,1,1
1104,143720,DeepCBOW,9,1,0,0
1105,143720,DeepCBOW,32,2,3,0
1106,143720,DeepCBOW,26,0,1,0
1107,143720,DeepCBOW,24,0,1,0
1108,143720,DeepCBOW,21,2,3,0
1109,143720,DeepCBOW,25,1,1,1
1110,143720,DeepCBOW,23,1,1,1
1111,143720,DeepCBOW,20,2,1,0
1112,143720,DeepCBOW,19,0,0,1
1113,143720,DeepCBOW,25,1,2,0
1114,143720,DeepCBOW,31,1,1,1
1115,143720,DeepCBOW,16,1,1,1
1116,143720,DeepCBOW,23,1,1,1
1117,143720,DeepCBOW,33,2,1,0
1118,143720,DeepCBOW,17,1,1,1
1119,143720,DeepCBOW,26,1,1,1
1120,143720,DeepCBOW,27,1,1,1
1121,143720,DeepCBOW,15,0,1,0
1122,143720,DeepCBOW,19,0,1,0
1123,143720,DeepCBOW,20,0,1,0
1124,143720,DeepCBOW,28,2,0,0
1125,143720,DeepCBOW,13,2,3,0
1126,143720,DeepCBOW,7,3,2,0
1127,143720,DeepCBOW,14,4,1,0
1128,143720,DeepCBOW,7,3,1,0
1129,143720,DeepCBOW,15,1,1,1
1130,143720,DeepCBOW,17,2,3,0
1131,143720,DeepCBOW,16,0,1,0
1132,143720,DeepCBOW,8,1,2,0
1133,143720,DeepCBOW,16,0,1,0
1134,143720,DeepCBOW,5,1,1,1
1135,143720,DeepCBOW,32,0,1,0
1136,143720,DeepCBOW,22,1,1,1
1137,143720,DeepCBOW,8,2,3,0
1138,143720,DeepCBOW,28,1,1,1
1139,143720,DeepCBOW,25,0,1,0
1140,143720,DeepCBOW,15,4,3,0
1141,143720,DeepCBOW,20,1,1,1
1142,143720,DeepCBOW,9,1,3,0
1143,143720,DeepCBOW,10,1,3,0
1144,143720,DeepCBOW,33,0,1,0
1145,143720,DeepCBOW,45,0,1,0
1146,143720,DeepCBOW,17,1,1,1
1147,143720,DeepCBOW,10,0,1,0
1148,143720,DeepCBOW,39,1,4,0
1149,143720,DeepCBOW,10,2,3,0
1150,143720,DeepCBOW,19,1,1,1
1151,143720,DeepCBOW,16,4,1,0
1152,143720,DeepCBOW,13,1,1,1
1153,143720,DeepCBOW,17,1,1,1
1154,143720,DeepCBOW,29,2,1,0
1155,143720,DeepCBOW,19,1,3,0
1156,143720,DeepCBOW,19,0,1,0
1157,143720,DeepCBOW,30,0,1,0
1158,143720,DeepCBOW,5,2,3,0
1159,143720,DeepCBOW,30,2,3,0
1160,143720,DeepCBOW,10,1,4,0
1161,143720,DeepCBOW,17,2,1,0
1162,143720,DeepCBOW,10,0,1,0
1163,143720,DeepCBOW,22,3,3,1
1164,143720,DeepCBOW,11,2,3,0
1165,143720,DeepCBOW,13,0,3,0
1166,143720,DeepCBOW,18,1,1,1
1167,143720,DeepCBOW,17,0,1,0
1168,143720,DeepCBOW,26,1,1,1
1169,143720,DeepCBOW,21,0,4,0
1170,143720,DeepCBOW,21,2,1,0
1171,143720,DeepCBOW,6,0,2,0
1172,143720,DeepCBOW,13,3,3,1
1173,143720,DeepCBOW,9,1,4,0
1174,143720,DeepCBOW,12,4,3,0
1175,143720,DeepCBOW,19,1,1,1
1176,143720,DeepCBOW,8,3,4,0
1177,143720,DeepCBOW,24,0,1,0
1178,143720,DeepCBOW,19,1,1,1
1179,143720,DeepCBOW,17,2,3,0
1180,143720,DeepCBOW,11,3,4,0
1181,143720,DeepCBOW,7,0,0,1
1182,143720,DeepCBOW,9,0,3,0
1183,143720,DeepCBOW,21,2,0,0
1184,143720,DeepCBOW,22,1,1,1
1185,143720,DeepCBOW,24,1,1,1
1186,143720,DeepCBOW,22,1,1,1
1187,143720,DeepCBOW,22,2,2,1
1188,143720,DeepCBOW,12,1,2,0
1189,143720,DeepCBOW,23,1,1,1
1190,143720,DeepCBOW,27,1,1,1
1191,143720,DeepCBOW,15,1,1,1
1192,143720,DeepCBOW,6,0,2,0
1193,143720,DeepCBOW,44,1,1,1
1194,143720,DeepCBOW,18,0,1,0
1195,143720,DeepCBOW,20,1,1,1
1196,143720,DeepCBOW,28,1,1,1
1197,143720,DeepCBOW,20,1,1,1
1198,143720,DeepCBOW,6,1,3,0
1199,143720,DeepCBOW,27,1,1,1
1200,143720,DeepCBOW,12,2,1,0
1201,143720,DeepCBOW,17,3,1,0
1202,143720,DeepCBOW,10,1,0,0
1203,143720,DeepCBOW,18,1,1,1
1204,143720,DeepCBOW,5,2,4,0
1205,143720,DeepCBOW,26,1,1,1
1206,143720,DeepCBOW,8,1,3,0
1207,143720,DeepCBOW,18,1,4,0
1208,143720,DeepCBOW,27,1,1,1
1209,143720,DeepCBOW,15,0,0,1
1210,143720,DeepCBOW,7,0,1,0
1211,143720,DeepCBOW,27,1,1,1
1212,143720,DeepCBOW,15,1,1,1
1213,143720,DeepCBOW,10,4,2,0
1214,143720,DeepCBOW,27,2,3,0
1215,143720,DeepCBOW,34,1,1,1
1216,143720,DeepCBOW,24,3,3,1
1217,143720,DeepCBOW,39,2,3,0
1218,143720,DeepCBOW,3,2,2,1
1219,143720,DeepCBOW,3,2,2,1
1220,143720,DeepCBOW,23,2,1,0
1221,143720,DeepCBOW,20,1,3,0
1222,143720,DeepCBOW,33,1,3,0
1223,143720,DeepCBOW,16,1,1,1
1224,143720,DeepCBOW,27,1,1,1
1225,143720,DeepCBOW,17,2,1,0
1226,143720,DeepCBOW,6,0,0,1
1227,143720,DeepCBOW,32,1,1,1
1228,143720,DeepCBOW,14,1,1,1
1229,143720,DeepCBOW,22,3,4,0
1230,143720,DeepCBOW,13,1,1,1
1231,143720,DeepCBOW,25,1,1,1
1232,143720,DeepCBOW,25,2,3,0
1233,143720,DeepCBOW,26,1,1,1
1234,143720,DeepCBOW,30,0,1,0
1235,143720,DeepCBOW,10,1,1,1
1236,143720,DeepCBOW,25,1,1,1
1237,143720,DeepCBOW,23,0,2,0
1238,143720,DeepCBOW,20,2,3,0
1239,143720,DeepCBOW,4,2,1,0
1240,143720,DeepCBOW,9,1,1,1
1241,143720,DeepCBOW,20,2,1,0
1242,143720,DeepCBOW,13,1,3,0
1243,143720,DeepCBOW,19,1,1,1
1244,143720,DeepCBOW,23,3,3,1
1245,143720,DeepCBOW,23,1,1,1
1246,143720,DeepCBOW,19,2,1,0
1247,143720,DeepCBOW,13,1,1,1
1248,143720,DeepCBOW,28,0,1,0
1249,143720,DeepCBOW,27,1,3,0
1250,143720,DeepCBOW,14,0,1,0
1251,143720,DeepCBOW,11,0,1,0
1252,143720,DeepCBOW,33,2,1,0
1253,143720,DeepCBOW,32,1,1,1
1254,143720,DeepCBOW,11,1,2,0
1255,143720,DeepCBOW,8,1,1,1
1256,143720,DeepCBOW,20,2,1,0
1257,143720,DeepCBOW,10,1,1,1
1258,143720,DeepCBOW,24,1,1,1
1259,143720,DeepCBOW,27,0,3,0
1260,143720,DeepCBOW,22,2,3,0
1261,143720,DeepCBOW,23,1,3,0
1262,143720,DeepCBOW,9,1,1,1
1263,143720,DeepCBOW,29,3,4,0
1264,143720,DeepCBOW,39,0,1,0
1265,143720,DeepCBOW,29,0,1,0
1266,143720,DeepCBOW,7,1,1,1
1267,143720,DeepCBOW,34,1,1,1
1268,143720,DeepCBOW,36,1,3,0
1269,143720,DeepCBOW,29,1,3,0
1270,143720,DeepCBOW,31,1,3,0
1271,143720,DeepCBOW,20,1,3,0
1272,143720,DeepCBOW,15,1,1,1
1273,143720,DeepCBOW,13,2,3,0
1274,143720,DeepCBOW,25,1,3,0
1275,143720,DeepCBOW,28,2,1,0
1276,143720,DeepCBOW,5,2,3,0
1277,143720,DeepCBOW,43,1,1,1
1278,143720,DeepCBOW,13,1,1,1
1279,143720,DeepCBOW,36,1,1,1
1280,143720,DeepCBOW,28,1,1,1
1281,143720,DeepCBOW,22,0,1,0
1282,143720,DeepCBOW,16,1,3,0
1283,143720,DeepCBOW,23,0,1,0
1284,143720,DeepCBOW,35,1,2,0
1285,143720,DeepCBOW,30,1,1,1
1286,143720,DeepCBOW,10,1,3,0
1287,143720,DeepCBOW,37,2,1,0
1288,143720,DeepCBOW,22,1,2,0
1289,143720,DeepCBOW,23,1,1,1
1290,143720,DeepCBOW,33,2,3,0
1291,143720,DeepCBOW,20,1,1,1
1292,143720,DeepCBOW,23,2,3,0
1293,143720,DeepCBOW,32,1,3,0
1294,143720,DeepCBOW,21,1,1,1
1295,143720,DeepCBOW,15,2,2,1
1296,143720,DeepCBOW,28,1,1,1
1297,143720,DeepCBOW,29,0,0,1
1298,143720,DeepCBOW,15,2,1,0
1299,143720,DeepCBOW,22,0,1,0
1300,143720,DeepCBOW,2,2,1,0
1301,143720,DeepCBOW,20,2,1,0
1302,143720,DeepCBOW,26,1,1,1
1303,143720,DeepCBOW,8,0,3,0
1304,143720,DeepCBOW,33,1,1,1
1305,143720,DeepCBOW,24,1,1,1
1306,143720,DeepCBOW,6,0,1,0
1307,143720,DeepCBOW,27,0,1,0
1308,143720,DeepCBOW,20,0,1,0
1309,143720,DeepCBOW,7,2,2,1
1310,143720,DeepCBOW,20,1,1,1
1311,143720,DeepCBOW,27,1,1,1
1312,143720,DeepCBOW,8,1,1,1
1313,143720,DeepCBOW,32,1,1,1
1314,143720,DeepCBOW,23,0,1,0
1315,143720,DeepCBOW,21,0,1,0
1316,143720,DeepCBOW,6,1,1,1
1317,143720,DeepCBOW,8,2,1,0
1318,143720,DeepCBOW,33,2,1,0
1319,143720,DeepCBOW,14,2,0,0
1320,143720,DeepCBOW,36,2,2,1
1321,143720,DeepCBOW,8,0,1,0
1322,143720,DeepCBOW,24,1,1,1
1323,143720,DeepCBOW,31,2,1,0
1324,143720,DeepCBOW,27,1,1,1
1325,143720,DeepCBOW,16,0,1,0
1326,143720,DeepCBOW,6,0,4,0
1327,143720,DeepCBOW,32,0,1,0
1328,143720,DeepCBOW,16,1,0,0
1329,143720,DeepCBOW,5,1,1,1
1330,143720,DeepCBOW,37,1,1,1
1331,143720,DeepCBOW,32,0,1,0
1332,143720,DeepCBOW,36,1,4,0
1333,143720,DeepCBOW,22,0,4,0
1334,143720,DeepCBOW,37,0,1,0
1335,143720,DeepCBOW,29,1,1,1
1336,143720,DeepCBOW,27,1,4,0
1337,143720,DeepCBOW,26,3,1,0
1338,143720,DeepCBOW,17,1,1,1
1339,143720,DeepCBOW,12,0,0,1
1340,143720,DeepCBOW,24,3,4,0
1341,143720,DeepCBOW,12,2,3,0
1342,143720,DeepCBOW,37,3,2,0
1343,143720,DeepCBOW,8,2,2,1
1344,143720,DeepCBOW,7,2,1,0
1345,143720,DeepCBOW,37,0,1,0
1346,143720,DeepCBOW,17,1,1,1
1347,143720,DeepCBOW,43,2,1,0
1348,143720,DeepCBOW,31,1,1,1
1349,143720,DeepCBOW,9,0,1,0
1350,143720,DeepCBOW,8,1,2,0
1351,143720,DeepCBOW,7,1,1,1
1352,143720,DeepCBOW,6,1,2,0
1353,143720,DeepCBOW,17,1,1,1
1354,143720,DeepCBOW,30,1,1,1
1355,143720,DeepCBOW,9,0,0,1
1356,143720,DeepCBOW,17,1,1,1
1357,143720,DeepCBOW,12,1,3,0
1358,143720,DeepCBOW,15,2,1,0
1359,143720,DeepCBOW,24,0,1,0
1360,143720,DeepCBOW,23,2,1,0
1361,143720,DeepCBOW,8,1,1,1
1362,143720,DeepCBOW,20,0,1,0
1363,143720,DeepCBOW,38,2,3,0
1364,143720,DeepCBOW,7,0,0,1
1365,143720,DeepCBOW,32,1,3,0
1366,143720,DeepCBOW,16,1,2,0
1367,143720,DeepCBOW,12,1,1,1
1368,143720,DeepCBOW,25,2,4,0
1369,143720,DeepCBOW,10,3,4,0
1370,143720,DeepCBOW,23,1,1,1
1371,143720,DeepCBOW,13,0,0,1
1372,143720,DeepCBOW,10,1,3,0
1373,143720,DeepCBOW,20,1,1,1
1374,143720,DeepCBOW,17,0,1,0
1375,143720,DeepCBOW,42,1,1,1
1376,143720,DeepCBOW,23,1,1,1
1377,143720,DeepCBOW,14,1,1,1
1378,143720,DeepCBOW,29,1,1,1
1379,143720,DeepCBOW,24,1,1,1
1380,143720,DeepCBOW,16,1,1,1
1381,143720,DeepCBOW,6,1,1,1
1382,143720,DeepCBOW,26,0,0,1
1383,143720,DeepCBOW,9,2,0,0
1384,143720,DeepCBOW,27,0,1,0
1385,143720,DeepCBOW,29,1,1,1
1386,143720,DeepCBOW,20,1,1,1
1387,143720,DeepCBOW,12,2,2,1
1388,143720,DeepCBOW,8,2,2,1
1389,143720,DeepCBOW,5,0,4,0
1390,143720,DeepCBOW,6,1,1,1
1391,143720,DeepCBOW,21,2,1,0
1392,143720,DeepCBOW,22,1,1,1
1393,143720,DeepCBOW,7,0,3,0
1394,143720,DeepCBOW,18,1,4,0
1395,143720,DeepCBOW,28,1,1,1
1396,143720,DeepCBOW,31,2,1,0
1397,143720,DeepCBOW,25,0,1,0
1398,143720,DeepCBOW,34,3,3,1
1399,143720,DeepCBOW,15,1,1,1
1400,143720,DeepCBOW,21,0,3,0
1401,143720,DeepCBOW,13,0,2,0
1402,143720,DeepCBOW,23,0,1,0
1403,143720,DeepCBOW,18,1,3,0
1404,143720,DeepCBOW,21,3,3,1
1405,143720,DeepCBOW,13,2,3,0
1406,143720,DeepCBOW,14,1,1,1
1407,143720,DeepCBOW,12,1,2,0
1408,143720,DeepCBOW,10,1,1,1
1409,143720,DeepCBOW,30,0,0,1
1410,143720,DeepCBOW,13,0,1,0
1411,143720,DeepCBOW,28,3,3,1
1412,143720,DeepCBOW,20,1,1,1
1413,143720,DeepCBOW,38,2,4,0
1414,143720,DeepCBOW,17,1,0,0
1415,143720,DeepCBOW,42,0,1,0
1416,143720,DeepCBOW,11,0,1,0
1417,143720,DeepCBOW,17,2,1,0
1418,143720,DeepCBOW,6,2,3,0
1419,143720,DeepCBOW,23,0,0,1
1420,143720,DeepCBOW,25,1,1,1
1421,143720,DeepCBOW,9,0,4,0
1422,143720,DeepCBOW,7,1,1,1
1423,143720,DeepCBOW,29,2,3,0
1424,143720,DeepCBOW,21,1,1,1
1425,143720,DeepCBOW,38,0,1,0
1426,143720,DeepCBOW,24,2,3,0
1427,143720,DeepCBOW,12,0,2,0
1428,143720,DeepCBOW,11,1,1,1
1429,143720,DeepCBOW,24,1,2,0
1430,143720,DeepCBOW,12,1,3,0
1431,143720,DeepCBOW,10,0,1,0
1432,143720,DeepCBOW,24,2,1,0
1433,143720,DeepCBOW,21,1,1,1
1434,143720,DeepCBOW,32,2,4,0
1435,143720,DeepCBOW,16,2,1,0
1436,143720,DeepCBOW,9,1,1,1
1437,143720,DeepCBOW,18,1,1,1
1438,143720,DeepCBOW,19,0,1,0
1439,143720,DeepCBOW,28,1,1,1
1440,143720,DeepCBOW,11,0,3,0
1441,143720,DeepCBOW,15,1,1,1
1442,143720,DeepCBOW,36,3,1,0
1443,143720,DeepCBOW,18,2,1,0
1444,143720,DeepCBOW,11,1,1,1
1445,143720,DeepCBOW,8,1,1,1
1446,143720,DeepCBOW,19,1,1,1
1447,143720,DeepCBOW,28,3,4,0
1448,143720,DeepCBOW,8,1,1,1
1449,143720,DeepCBOW,12,0,1,0
1450,143720,DeepCBOW,18,0,0,1
1451,143720,DeepCBOW,12,1,1,1
1452,143720,DeepCBOW,6,2,3,0
1453,143720,DeepCBOW,24,0,1,0
1454,143720,DeepCBOW,16,2,1,0
1455,143720,DeepCBOW,23,1,4,0
1456,143720,DeepCBOW,9,1,1,1
1457,143720,DeepCBOW,21,1,1,1
1458,143720,DeepCBOW,47,1,1,1
1459,143720,DeepCBOW,21,1,3,0
1460,143720,DeepCBOW,11,2,1,0
1461,143720,DeepCBOW,9,1,3,0
1462,143720,DeepCBOW,38,0,1,0
1463,143720,DeepCBOW,5,0,1,0
1464,143720,DeepCBOW,37,2,1,0
1465,143720,DeepCBOW,17,2,1,0
1466,143720,DeepCBOW,9,1,0,0
1467,143720,DeepCBOW,6,4,4,1
1468,143720,DeepCBOW,6,1,2,0
1469,143720,DeepCBOW,20,2,1,0
1470,143720,DeepCBOW,18,0,1,0
1471,143720,DeepCBOW,11,2,0,0
1472,143720,DeepCBOW,15,2,3,0
1473,143720,DeepCBOW,38,1,3,0
1474,143720,DeepCBOW,33,1,4,0
1475,143720,DeepCBOW,12,0,3,0
1476,143720,DeepCBOW,8,1,2,0
1477,143720,DeepCBOW,9,1,4,0
1478,143720,DeepCBOW,23,2,1,0
1479,143720,DeepCBOW,16,1,2,0
1480,143720,DeepCBOW,18,2,1,0
1481,143720,DeepCBOW,8,0,3,0
1482,143720,DeepCBOW,22,2,2,1
1483,143720,DeepCBOW,8,1,1,1
1484,143720,DeepCBOW,20,1,1,1
1485,143720,DeepCBOW,9,0,1,0
1486,143720,DeepCBOW,44,2,2,1
1487,143720,DeepCBOW,15,2,1,0
1488,143720,DeepCBOW,14,2,1,0
1489,143720,DeepCBOW,21,1,1,1
1490,143720,DeepCBOW,5,2,4,0
1491,143720,DeepCBOW,9,1,1,1
1492,143720,DeepCBOW,25,0,1,0
1493,143720,DeepCBOW,19,2,1,0
1494,143720,DeepCBOW,15,1,3,0
1495,143720,DeepCBOW,22,1,1,1
1496,143720,DeepCBOW,17,1,3,0
1497,143720,DeepCBOW,37,1,3,0
1498,143720,DeepCBOW,36,1,3,0
1499,143720,DeepCBOW,28,2,3,0
1500,143720,DeepCBOW,27,1,3,0
1501,143720,DeepCBOW,22,2,1,0
1502,143720,DeepCBOW,48,1,1,1
1503,143720,DeepCBOW,9,2,1,0
1504,143720,DeepCBOW,3,0,1,0
1505,143720,DeepCBOW,3,1,1,1
1506,143720,DeepCBOW,3,0,1,0
1507,143720,DeepCBOW,21,0,1,0
1508,143720,DeepCBOW,13,1,2,0
1509,143720,DeepCBOW,34,1,4,0
1510,143720,DeepCBOW,6,1,1,1
1511,143720,DeepCBOW,7,0,1,0
1512,143720,DeepCBOW,15,2,1,0
1513,143720,DeepCBOW,34,1,1,1
1514,143720,DeepCBOW,11,1,2,0
1515,143720,DeepCBOW,27,1,1,1
1516,143720,DeepCBOW,12,1,2,0
1517,143720,DeepCBOW,18,0,0,1
1518,143720,DeepCBOW,21,0,1,0
1519,143720,DeepCBOW,25,1,1,1
1520,143720,DeepCBOW,46,1,3,0
1521,143720,DeepCBOW,26,1,1,1
1522,143720,DeepCBOW,7,1,1,1
1523,143720,DeepCBOW,8,0,1,0
1524,143720,DeepCBOW,21,0,1,0
1525,143720,DeepCBOW,13,2,1,0
1526,143720,DeepCBOW,26,0,1,0
1527,143720,DeepCBOW,24,0,1,0
1528,143720,DeepCBOW,31,1,1,1
1529,143720,DeepCBOW,18,0,3,0
1530,143720,DeepCBOW,5,1,3,0
1531,143720,DeepCBOW,19,1,3,0
1532,143720,DeepCBOW,17,1,0,0
1533,143720,DeepCBOW,28,0,2,0
1534,143720,DeepCBOW,13,1,1,1
1535,143720,DeepCBOW,45,1,1,1
1536,143720,DeepCBOW,27,1,1,1
1537,143720,DeepCBOW,11,1,2,0
1538,143720,DeepCBOW,14,1,1,1
1539,143720,DeepCBOW,9,1,4,0
1540,143720,DeepCBOW,14,1,1,1
1541,143720,DeepCBOW,8,1,1,1
1542,143720,DeepCBOW,22,0,0,1
1543,143720,DeepCBOW,11,1,1,1
1544,143720,DeepCBOW,23,1,1,1
1545,143720,DeepCBOW,7,0,1,0
1546,143720,DeepCBOW,10,0,1,0
1547,143720,DeepCBOW,26,0,1,0
1548,143720,DeepCBOW,24,1,3,0
1549,143720,DeepCBOW,15,0,0,1
1550,143720,DeepCBOW,21,0,0,1
1551,143720,DeepCBOW,20,1,1,1
1552,143720,DeepCBOW,20,1,1,1
1553,143720,DeepCBOW,7,2,3,0
1554,143720,DeepCBOW,14,1,1,1
1555,143720,DeepCBOW,19,1,1,1
1556,143720,DeepCBOW,11,1,4,0
1557,143720,DeepCBOW,30,1,1,1
1558,143720,DeepCBOW,9,1,1,1
1559,143720,DeepCBOW,8,1,0,0
1560,143720,DeepCBOW,13,0,4,0
1561,143720,DeepCBOW,13,3,3,1
1562,143720,DeepCBOW,17,1,1,1
1563,143720,DeepCBOW,18,1,3,0
1564,143720,DeepCBOW,11,1,1,1
1565,143720,DeepCBOW,10,1,1,1
1566,143720,DeepCBOW,6,0,1,0
1567,143720,DeepCBOW,24,1,1,1
1568,143720,DeepCBOW,18,1,1,1
1569,143720,DeepCBOW,13,0,0,1
1570,143720,DeepCBOW,40,1,1,1
1571,143720,DeepCBOW,6,1,1,1
1572,143720,DeepCBOW,15,0,1,0
1573,143720,DeepCBOW,20,1,2,0
1574,143720,DeepCBOW,14,2,0,0
1575,143720,DeepCBOW,24,1,1,1
1576,143720,DeepCBOW,6,1,2,0
1577,143720,DeepCBOW,5,4,0,0
1578,143720,DeepCBOW,36,1,1,1
1579,143720,DeepCBOW,23,0,1,0
1580,143720,DeepCBOW,11,1,0,0
1581,143720,DeepCBOW,24,1,1,1
1582,143720,DeepCBOW,21,1,1,1
1583,143720,DeepCBOW,37,1,1,1
1584,143720,DeepCBOW,6,1,1,1
1585,143720,DeepCBOW,8,1,1,1
1586,143720,DeepCBOW,38,1,2,0
1587,143720,DeepCBOW,12,1,1,1
1588,143720,DeepCBOW,15,2,1,0
1589,143720,DeepCBOW,15,1,3,0
1590,143720,DeepCBOW,6,2,3,0
1591,143720,DeepCBOW,12,1,1,1
1592,143720,DeepCBOW,10,1,1,1
1593,143720,DeepCBOW,4,0,2,0
1594,143720,DeepCBOW,13,2,4,0
1595,143720,DeepCBOW,18,1,0,0
1596,143720,DeepCBOW,24,1,4,0
1597,143720,DeepCBOW,38,1,1,1
1598,143720,DeepCBOW,22,1,1,1
1599,143720,DeepCBOW,10,1,2,0
1600,143720,DeepCBOW,7,2,0,0
1601,143720,DeepCBOW,33,0,1,0
1602,143720,DeepCBOW,16,1,3,0
1603,143720,DeepCBOW,17,1,1,1
1604,143720,DeepCBOW,19,0,1,0
1605,143720,DeepCBOW,29,1,1,1
1606,143720,DeepCBOW,30,1,1,1
1607,143720,DeepCBOW,15,0,2,0
1608,143720,DeepCBOW,20,1,3,0
1609,143720,DeepCBOW,10,0,0,1
1610,143720,DeepCBOW,20,2,1,0
1611,143720,DeepCBOW,23,0,1,0
1612,143720,DeepCBOW,14,0,4,0
1613,143720,DeepCBOW,9,3,3,1
1614,143720,DeepCBOW,13,1,3,0
1615,143720,DeepCBOW,32,2,1,0
1616,143720,DeepCBOW,14,1,1,1
1617,143720,DeepCBOW,9,0,1,0
1618,143720,DeepCBOW,13,1,0,0
1619,143720,DeepCBOW,27,2,3,0
1620,143720,DeepCBOW,20,1,1,1
1621,143720,DeepCBOW,11,0,1,0
1622,143720,DeepCBOW,13,2,1,0
1623,143720,DeepCBOW,16,1,1,1
1624,143720,DeepCBOW,26,0,1,0
1625,143720,DeepCBOW,23,0,1,0
1626,143720,DeepCBOW,8,1,2,0
1627,143720,DeepCBOW,32,0,1,0
1628,143720,DeepCBOW,27,1,1,1
1629,143720,DeepCBOW,26,1,2,0
1630,143720,DeepCBOW,40,3,1,0
1631,143720,DeepCBOW,18,2,1,0
1632,143720,DeepCBOW,13,0,1,0
1633,143720,DeepCBOW,21,1,1,1
1634,143720,DeepCBOW,21,0,1,0
1635,143720,DeepCBOW,33,1,1,1
1636,143720,DeepCBOW,36,2,1,0
1637,143720,DeepCBOW,31,2,1,0
1638,143720,DeepCBOW,21,1,1,1
1639,143720,DeepCBOW,19,2,3,0
1640,143720,DeepCBOW,23,0,1,0
1641,143720,DeepCBOW,23,1,1,1
1642,143720,DeepCBOW,23,2,3,0
1643,143720,DeepCBOW,18,1,2,0
1644,143720,DeepCBOW,26,1,0,0
1645,143720,DeepCBOW,14,1,1,1
1646,143720,DeepCBOW,10,1,0,0
1647,143720,DeepCBOW,14,0,1,0
1648,143720,DeepCBOW,25,0,1,0
1649,143720,DeepCBOW,35,1,1,1
1650,143720,DeepCBOW,14,2,3,0
1651,143720,DeepCBOW,7,2,3,0
1652,143720,DeepCBOW,7,0,3,0
1653,143720,DeepCBOW,14,1,1,1
1654,143720,DeepCBOW,15,0,1,0
1655,143720,DeepCBOW,12,1,1,1
1656,143720,DeepCBOW,13,0,1,0
1657,143720,DeepCBOW,9,0,4,0
1658,143720,DeepCBOW,26,1,0,0
1659,143720,DeepCBOW,21,2,3,0
1660,143720,DeepCBOW,20,1,1,1
1661,143720,DeepCBOW,31,1,1,1
1662,143720,DeepCBOW,32,1,1,1
1663,143720,DeepCBOW,30,1,2,0
1664,143720,DeepCBOW,43,3,3,1
1665,143720,DeepCBOW,7,1,1,1
1666,143720,DeepCBOW,19,2,1,0
1667,143720,DeepCBOW,12,2,2,1
1668,143720,DeepCBOW,2,0,1,0
1669,143720,DeepCBOW,4,3,2,0
1670,143720,DeepCBOW,6,2,1,0
1671,143720,DeepCBOW,7,2,1,0
1672,143720,DeepCBOW,14,1,1,1
1673,143720,DeepCBOW,17,2,1,0
1674,143720,DeepCBOW,15,0,1,0
1675,143720,DeepCBOW,18,0,1,0
1676,143720,DeepCBOW,12,1,1,1
1677,143720,DeepCBOW,33,1,1,1
1678,143720,DeepCBOW,27,1,1,1
1679,143720,DeepCBOW,20,2,3,0
1680,143720,DeepCBOW,31,2,1,0
1681,143720,DeepCBOW,25,1,1,1
1682,143720,DeepCBOW,27,1,1,1
1683,143720,DeepCBOW,34,1,1,1
1684,143720,DeepCBOW,33,0,1,0
1685,143720,DeepCBOW,13,1,3,0
1686,143720,DeepCBOW,15,0,0,1
1687,143720,DeepCBOW,21,2,4,0
1688,143720,DeepCBOW,31,2,3,0
1689,143720,DeepCBOW,26,1,1,1
1690,143720,DeepCBOW,13,1,2,0
1691,143720,DeepCBOW,12,1,1,1
1692,143720,DeepCBOW,17,0,1,0
1693,143720,DeepCBOW,16,2,1,0
1694,143720,DeepCBOW,28,1,1,1
1695,143720,DeepCBOW,28,3,4,0
1696,143720,DeepCBOW,11,0,1,0
1697,143720,DeepCBOW,32,0,1,0
1698,143720,DeepCBOW,21,2,1,0
1699,143720,DeepCBOW,18,0,1,0
1700,143720,DeepCBOW,17,1,3,0
1701,143720,DeepCBOW,27,1,0,0
1702,143720,DeepCBOW,6,1,0,0
1703,143720,DeepCBOW,11,1,1,1
1704,143720,DeepCBOW,8,2,3,0
1705,143720,DeepCBOW,14,0,1,0
1706,143720,DeepCBOW,24,0,2,0
1707,143720,DeepCBOW,30,1,1,1
1708,143720,DeepCBOW,20,2,1,0
1709,143720,DeepCBOW,10,2,4,0
1710,143720,DeepCBOW,8,3,2,0
1711,143720,DeepCBOW,6,1,2,0
1712,143720,DeepCBOW,11,1,1,1
1713,143720,DeepCBOW,17,1,1,1
1714,143720,DeepCBOW,10,1,0,0
1715,143720,DeepCBOW,6,1,1,1
1716,143720,DeepCBOW,7,2,1,0
1717,143720,DeepCBOW,26,2,1,0
1718,143720,DeepCBOW,19,1,1,1
1719,143720,DeepCBOW,29,1,3,0
1720,143720,DeepCBOW,15,1,1,1
1721,143720,DeepCBOW,18,1,1,1
1722,143720,DeepCBOW,13,1,1,1
1723,143720,DeepCBOW,14,0,2,0
1724,143720,DeepCBOW,13,1,1,1
1725,143720,DeepCBOW,33,2,1,0
1726,143720,DeepCBOW,28,0,1,0
1727,143720,DeepCBOW,38,1,1,1
1728,143720,DeepCBOW,22,1,3,0
1729,143720,DeepCBOW,33,1,1,1
1730,143720,DeepCBOW,8,1,1,1
1731,143720,DeepCBOW,38,1,3,0
1732,143720,DeepCBOW,31,0,1,0
1733,143720,DeepCBOW,14,1,1,1
1734,143720,DeepCBOW,9,1,3,0
1735,143720,DeepCBOW,37,3,1,0
1736,143720,DeepCBOW,17,1,4,0
1737,143720,DeepCBOW,14,2,3,0
1738,143720,DeepCBOW,13,1,1,1
1739,143720,DeepCBOW,13,1,1,1
1740,143720,DeepCBOW,18,1,1,1
1741,143720,DeepCBOW,14,0,3,0
1742,143720,DeepCBOW,26,1,1,1
1743,143720,DeepCBOW,17,0,1,0
1744,143720,DeepCBOW,4,2,1,0
1745,143720,DeepCBOW,5,1,2,0
1746,143720,DeepCBOW,40,0,1,0
1747,143720,DeepCBOW,14,0,1,0
1748,143720,DeepCBOW,25,0,1,0
1749,143720,DeepCBOW,8,3,1,0
1750,143720,DeepCBOW,35,2,4,0
1751,143720,DeepCBOW,8,1,1,1
1752,143720,DeepCBOW,3,1,3,0
1753,143720,DeepCBOW,17,1,1,1
1754,143720,DeepCBOW,12,0,1,0
1755,143720,DeepCBOW,18,2,1,0
1756,143720,DeepCBOW,8,0,1,0
1757,143720,DeepCBOW,38,1,1,1
1758,143720,DeepCBOW,28,1,1,1
1759,143720,DeepCBOW,13,3,3,1
1760,143720,DeepCBOW,14,1,1,1
1761,143720,DeepCBOW,28,4,1,0
1762,143720,DeepCBOW,15,1,1,1
1763,143720,DeepCBOW,10,1,3,0
1764,143720,DeepCBOW,32,1,3,0
1765,143720,DeepCBOW,18,2,1,0
1766,143720,DeepCBOW,20,1,1,1
1767,143720,DeepCBOW,7,2,2,1
1768,143720,DeepCBOW,41,1,1,1
1769,143720,DeepCBOW,18,1,1,1
1770,143720,DeepCBOW,29,1,1,1
1771,143720,DeepCBOW,16,1,0,0
1772,143720,DeepCBOW,19,2,1,0
1773,143720,DeepCBOW,8,2,0,0
1774,143720,DeepCBOW,12,1,1,1
1775,143720,DeepCBOW,16,3,4,0
1776,143720,DeepCBOW,22,1,1,1
1777,143720,DeepCBOW,28,2,3,0
1778,143720,DeepCBOW,11,1,1,1
1779,143720,DeepCBOW,10,3,1,0
1780,143720,DeepCBOW,15,1,1,1
1781,143720,DeepCBOW,25,0,4,0
1782,143720,DeepCBOW,20,2,0,0
1783,143720,DeepCBOW,33,1,1,1
1784,143720,DeepCBOW,14,2,3,0
1785,143720,DeepCBOW,22,0,1,0
1786,143720,DeepCBOW,12,1,3,0
1787,143720,DeepCBOW,18,1,3,0
1788,143720,DeepCBOW,29,0,2,0
1789,143720,DeepCBOW,13,2,1,0
1790,143720,DeepCBOW,25,1,1,1
1791,143720,DeepCBOW,10,2,1,0
1792,143720,DeepCBOW,27,2,1,0
1793,143720,DeepCBOW,14,2,0,0
1794,143720,DeepCBOW,22,0,1,0
1795,143720,DeepCBOW,15,0,1,0
1796,143720,DeepCBOW,24,1,0,0
1797,143720,DeepCBOW,28,0,1,0
1798,143720,DeepCBOW,14,0,4,0
1799,143720,DeepCBOW,10,0,1,0
1800,143720,DeepCBOW,25,0,0,1
1801,143720,DeepCBOW,7,1,1,1
1802,143720,DeepCBOW,9,1,2,0
1803,143720,DeepCBOW,22,1,1,1
1804,143720,DeepCBOW,31,1,1,1
1805,143720,DeepCBOW,16,1,1,1
1806,143720,DeepCBOW,29,1,1,1
1807,143720,DeepCBOW,18,1,1,1
1808,143720,DeepCBOW,10,0,1,0
1809,143720,DeepCBOW,15,0,1,0
1810,143720,DeepCBOW,15,1,1,1
1811,143720,DeepCBOW,10,2,1,0
1812,143720,DeepCBOW,7,2,0,0
1813,143720,DeepCBOW,11,2,3,0
1814,143720,DeepCBOW,23,2,4,0
1815,143720,DeepCBOW,22,0,0,1
1816,143720,DeepCBOW,14,2,1,0
1817,143720,DeepCBOW,8,2,3,0
1818,143720,DeepCBOW,21,2,1,0
1819,143720,DeepCBOW,8,1,2,0
1820,143720,DeepCBOW,11,2,1,0
1821,143720,DeepCBOW,4,2,0,0
1822,143720,DeepCBOW,12,0,1,0
1823,143720,DeepCBOW,19,1,1,1
1824,143720,DeepCBOW,9,1,3,0
1825,143720,DeepCBOW,9,0,4,0
1826,143720,DeepCBOW,25,2,1,0
1827,143720,DeepCBOW,23,1,1,1
1828,143720,DeepCBOW,13,1,1,1
1829,143720,DeepCBOW,11,1,0,0
1830,143720,DeepCBOW,37,1,1,1
1831,143720,DeepCBOW,26,0,4,0
1832,143720,DeepCBOW,6,1,1,1
1833,143720,DeepCBOW,5,1,1,1
1834,143720,DeepCBOW,22,1,1,1
1835,143720,DeepCBOW,21,2,3,0
1836,143720,DeepCBOW,12,3,1,0
1837,143720,DeepCBOW,21,0,0,1
1838,143720,DeepCBOW,18,1,0,0
1839,143720,DeepCBOW,22,0,1,0
1840,143720,DeepCBOW,8,1,1,1
1841,143720,DeepCBOW,12,0,1,0
1842,143720,DeepCBOW,16,0,1,0
1843,143720,DeepCBOW,32,1,3,0
1844,143720,DeepCBOW,18,1,3,0
1845,143720,DeepCBOW,30,1,1,1
1846,143720,DeepCBOW,7,1,1,1
1847,143720,DeepCBOW,34,1,1,1
1848,143720,DeepCBOW,17,1,1,1
1849,143720,DeepCBOW,25,1,3,0
1850,143720,DeepCBOW,7,1,1,1
1851,143720,DeepCBOW,17,0,1,0
1852,143720,DeepCBOW,20,2,1,0
1853,143720,DeepCBOW,11,0,0,1
1854,143720,DeepCBOW,23,0,1,0
1855,143720,DeepCBOW,27,1,1,1
1856,143720,DeepCBOW,13,0,1,0
1857,143720,DeepCBOW,12,2,1,0
1858,143720,DeepCBOW,27,1,3,0
1859,143720,DeepCBOW,9,2,3,0
1860,143720,DeepCBOW,12,1,3,0
1861,143720,DeepCBOW,21,0,1,0
1862,143720,DeepCBOW,11,1,1,1
1863,143720,DeepCBOW,16,0,0,1
1864,143720,DeepCBOW,41,2,1,0
1865,143720,DeepCBOW,13,1,1,1
1866,143720,DeepCBOW,18,2,0,0
1867,143720,DeepCBOW,23,1,1,1
1868,143720,DeepCBOW,39,2,1,0
1869,143720,DeepCBOW,26,1,1,1
1870,143720,DeepCBOW,19,0,1,0
1871,143720,DeepCBOW,39,1,0,0
1872,143720,DeepCBOW,21,0,1,0
1873,143720,DeepCBOW,29,0,1,0
1874,143720,DeepCBOW,34,0,1,0
1875,143720,DeepCBOW,8,0,0,1
1876,143720,DeepCBOW,20,1,1,1
1877,143720,DeepCBOW,12,2,3,0
1878,143720,DeepCBOW,14,2,1,0
1879,143720,DeepCBOW,4,2,1,0
1880,143720,DeepCBOW,29,1,1,1
1881,143720,DeepCBOW,16,3,1,0
1882,143720,DeepCBOW,17,1,1,1
1883,143720,DeepCBOW,23,1,0,0
1884,143720,DeepCBOW,8,0,0,1
1885,143720,DeepCBOW,24,2,1,0
1886,143720,DeepCBOW,8,1,1,1
1887,143720,DeepCBOW,33,1,4,0
1888,143720,DeepCBOW,18,1,1,1
1889,143720,DeepCBOW,40,1,1,1
1890,143720,DeepCBOW,15,1,1,1
1891,143720,DeepCBOW,19,2,3,0
1892,143720,DeepCBOW,22,1,1,1
1893,143720,DeepCBOW,3,1,1,1
1894,143720,DeepCBOW,11,1,1,1
1895,143720,DeepCBOW,18,1,2,0
1896,143720,DeepCBOW,19,1,3,0
1897,143720,DeepCBOW,28,0,1,0
1898,143720,DeepCBOW,14,1,3,0
1899,143720,DeepCBOW,33,1,1,1
1900,143720,DeepCBOW,15,1,1,1
1901,143720,DeepCBOW,33,0,3,0
1902,143720,DeepCBOW,19,0,1,0
1903,143720,DeepCBOW,43,2,1,0
1904,143720,DeepCBOW,21,1,1,1
1905,143720,DeepCBOW,27,1,1,1
1906,143720,DeepCBOW,11,1,1,1
1907,143720,DeepCBOW,6,1,1,1
1908,143720,DeepCBOW,33,1,3,0
1909,143720,DeepCBOW,17,0,1,0
1910,143720,DeepCBOW,23,1,4,0
1911,143720,DeepCBOW,8,3,3,1
1912,143720,DeepCBOW,14,1,3,0
1913,143720,DeepCBOW,17,1,3,0
1914,143720,DeepCBOW,15,3,2,0
1915,143720,DeepCBOW,19,2,1,0
1916,143720,DeepCBOW,28,1,4,0
1917,143720,DeepCBOW,16,2,1,0
1918,143720,DeepCBOW,19,1,1,1
1919,143720,DeepCBOW,23,1,1,1
1920,143720,DeepCBOW,25,1,1,1
1921,143720,DeepCBOW,29,1,1,1
1922,143720,DeepCBOW,25,2,1,0
1923,143720,DeepCBOW,15,0,3,0
1924,143720,DeepCBOW,27,0,0,1
1925,143720,DeepCBOW,8,1,4,0
1926,143720,DeepCBOW,18,0,1,0
1927,143720,DeepCBOW,10,4,3,0
1928,143720,DeepCBOW,16,0,0,1
1929,143720,DeepCBOW,21,2,1,0
1930,143720,DeepCBOW,21,0,1,0
1931,143720,DeepCBOW,13,0,1,0
1932,143720,DeepCBOW,26,0,0,1
1933,143720,DeepCBOW,21,1,3,0
1934,143720,DeepCBOW,17,2,3,0
1935,143720,DeepCBOW,24,1,1,1
1936,143720,DeepCBOW,23,1,3,0
1937,143720,DeepCBOW,7,3,4,0
1938,143720,DeepCBOW,11,1,1,1
1939,143720,DeepCBOW,18,2,1,0
1940,143720,DeepCBOW,20,1,1,1
1941,143720,DeepCBOW,14,0,1,0
1942,143720,DeepCBOW,13,2,4,0
1943,143720,DeepCBOW,28,0,4,0
1944,143720,DeepCBOW,25,2,1,0
1945,143720,DeepCBOW,16,2,1,0
1946,143720,DeepCBOW,33,1,1,1
1947,143720,DeepCBOW,26,1,1,1
1948,143720,DeepCBOW,17,1,1,1
1949,143720,DeepCBOW,10,1,2,0
1950,143720,DeepCBOW,26,1,3,0
1951,143720,DeepCBOW,15,2,1,0
1952,143720,DeepCBOW,25,2,4,0
1953,143720,DeepCBOW,19,0,1,0
1954,143720,DeepCBOW,40,1,1,1
1955,143720,DeepCBOW,8,0,0,1
1956,143720,DeepCBOW,15,1,1,1
1957,143720,DeepCBOW,7,1,1,1
1958,143720,DeepCBOW,16,0,1,0
1959,143720,DeepCBOW,12,2,2,1
1960,143720,DeepCBOW,31,0,1,0
1961,143720,DeepCBOW,21,1,1,1
1962,143720,DeepCBOW,36,2,1,0
1963,143720,DeepCBOW,20,2,1,0
1964,143720,DeepCBOW,8,2,1,0
1965,143720,DeepCBOW,11,0,1,0
1966,143720,DeepCBOW,14,2,1,0
1967,143720,DeepCBOW,16,2,1,0
1968,143720,DeepCBOW,31,2,1,0
1969,143720,DeepCBOW,7,1,0,0
1970,143720,DeepCBOW,39,1,1,1
1971,143720,DeepCBOW,17,1,0,0
1972,143720,DeepCBOW,17,1,1,1
1973,143720,DeepCBOW,10,2,4,0
1974,143720,DeepCBOW,8,1,3,0
1975,143720,DeepCBOW,28,1,1,1
1976,143720,DeepCBOW,10,1,1,1
1977,143720,DeepCBOW,24,1,1,1
1978,143720,DeepCBOW,23,1,1,1
1979,143720,DeepCBOW,20,1,1,1
1980,143720,DeepCBOW,10,1,1,1
1981,143720,DeepCBOW,10,1,1,1
1982,143720,DeepCBOW,28,0,1,0
1983,143720,DeepCBOW,5,1,1,1
1984,143720,DeepCBOW,28,1,3,0
1985,143720,DeepCBOW,34,1,1,1
1986,143720,DeepCBOW,21,1,1,1
1987,143720,DeepCBOW,22,1,1,1
1988,143720,DeepCBOW,10,1,1,1
1989,143720,DeepCBOW,10,1,0,0
1990,143720,DeepCBOW,31,0,1,0
1991,143720,DeepCBOW,19,2,1,0
1992,143720,DeepCBOW,26,1,1,1
1993,143720,DeepCBOW,32,1,1,1
1994,143720,DeepCBOW,25,1,2,0
1995,143720,DeepCBOW,34,0,1,0
1996,143720,DeepCBOW,25,1,3,0
1997,143720,DeepCBOW,19,1,1,1
1998,143720,DeepCBOW,20,2,1,0
1999,143720,DeepCBOW,34,1,4,0
2000,143720,DeepCBOW,17,0,1,0
2001,143720,DeepCBOW,18,1,1,1
2002,143720,DeepCBOW,5,1,1,1
2003,143720,DeepCBOW,6,1,1,1
2004,143720,DeepCBOW,27,1,1,1
2005,143720,DeepCBOW,28,2,1,0
2006,143720,DeepCBOW,4,1,1,1
2007,143720,DeepCBOW,29,1,1,1
2008,143720,DeepCBOW,22,2,1,0
2009,143720,DeepCBOW,16,1,1,1
2010,143720,DeepCBOW,21,1,1,1
2011,143720,DeepCBOW,34,2,1,0
2012,143720,DeepCBOW,24,1,1,1
2013,143720,DeepCBOW,19,1,0,0
2014,143720,DeepCBOW,17,0,1,0
2015,143720,DeepCBOW,6,1,1,1
2016,143720,DeepCBOW,29,2,3,0
2017,143720,DeepCBOW,8,1,4,0
2018,143720,DeepCBOW,24,4,4,1
2019,143720,DeepCBOW,8,1,1,1
2020,143720,DeepCBOW,25,1,3,0
2021,143720,DeepCBOW,19,3,2,0
2022,143720,DeepCBOW,18,1,1,1
2023,143720,DeepCBOW,19,1,3,0
2024,143720,DeepCBOW,20,0,4,0
2025,143720,DeepCBOW,12,0,0,1
2026,143720,DeepCBOW,11,2,2,1
2027,143720,DeepCBOW,5,1,1,1
2028,143720,DeepCBOW,21,1,0,0
2029,143720,DeepCBOW,19,0,1,0
2030,143720,DeepCBOW,24,0,1,0
2031,143720,DeepCBOW,14,1,1,1
2032,143720,DeepCBOW,22,2,3,0
2033,143720,DeepCBOW,27,2,3,0
2034,143720,DeepCBOW,23,1,2,0
2035,143720,DeepCBOW,23,3,1,0
2036,143720,DeepCBOW,15,1,2,0
2037,143720,DeepCBOW,21,2,1,0
2038,143720,DeepCBOW,18,1,1,1
2039,143720,DeepCBOW,15,2,3,0
2040,143720,DeepCBOW,25,2,1,0
2041,143720,DeepCBOW,13,1,1,1
2042,143720,DeepCBOW,17,1,1,1
2043,143720,DeepCBOW,21,1,2,0
2044,143720,DeepCBOW,9,1,1,1
2045,143720,DeepCBOW,30,2,3,0
2046,143720,DeepCBOW,29,2,1,0
2047,143720,DeepCBOW,32,0,1,0
2048,143720,DeepCBOW,6,1,1,1
2049,143720,DeepCBOW,19,1,3,0
2050,143720,DeepCBOW,21,0,3,0
2051,143720,DeepCBOW,14,2,1,0
2052,143720,DeepCBOW,25,1,0,0
2053,143720,DeepCBOW,17,2,2,1
2054,143720,DeepCBOW,21,0,1,0
2055,143720,DeepCBOW,7,1,1,1
2056,143720,DeepCBOW,17,1,0,0
2057,143720,DeepCBOW,18,0,1,0
2058,143720,DeepCBOW,16,1,1,1
2059,143720,DeepCBOW,13,3,3,1
2060,143720,DeepCBOW,26,0,1,0
2061,143720,DeepCBOW,27,1,1,1
2062,143720,DeepCBOW,25,2,1,0
2063,143720,DeepCBOW,8,2,3,0
2064,143720,DeepCBOW,18,1,3,0
2065,143720,DeepCBOW,11,1,3,0
2066,143720,DeepCBOW,11,1,1,1
2067,143720,DeepCBOW,17,1,1,1
2068,143720,DeepCBOW,33,1,3,0
2069,143720,DeepCBOW,22,2,1,0
2070,143720,DeepCBOW,5,2,4,0
2071,143720,DeepCBOW,19,1,1,1
2072,143720,DeepCBOW,15,3,3,1
2073,143720,DeepCBOW,28,1,1,1
2074,143720,DeepCBOW,19,1,1,1
2075,143720,DeepCBOW,16,0,1,0
2076,143720,DeepCBOW,22,1,0,0
2077,143720,DeepCBOW,25,1,1,1
2078,143720,DeepCBOW,30,1,3,0
2079,143720,DeepCBOW,28,1,1,1
2080,143720,DeepCBOW,34,1,1,1
2081,143720,DeepCBOW,18,1,1,1
2082,143720,DeepCBOW,17,0,1,0
2083,143720,DeepCBOW,23,3,3,1
2084,143720,DeepCBOW,9,1,1,1
2085,143720,DeepCBOW,12,1,1,1
2086,143720,DeepCBOW,37,0,3,0
2087,143720,DeepCBOW,8,1,3,0
2088,143720,DeepCBOW,6,0,1,0
2089,143720,DeepCBOW,22,2,3,0
2090,143720,DeepCBOW,20,2,1,0
2091,143720,DeepCBOW,9,1,2,0
2092,143720,DeepCBOW,31,1,1,1
2093,143720,DeepCBOW,26,2,1,0
2094,143720,DeepCBOW,11,0,1,0
2095,143720,DeepCBOW,28,1,4,0
2096,143720,DeepCBOW,31,2,1,0
2097,143720,DeepCBOW,27,1,4,0
2098,143720,DeepCBOW,24,1,1,1
2099,143720,DeepCBOW,7,2,4,0
2100,143720,DeepCBOW,2,2,1,0
2101,143720,DeepCBOW,11,1,1,1
2102,143720,DeepCBOW,29,1,3,0
2103,143720,DeepCBOW,24,1,1,1
2104,143720,DeepCBOW,23,1,2,0
2105,143720,DeepCBOW,17,0,1,0
2106,143720,DeepCBOW,12,0,1,0
2107,143720,DeepCBOW,6,2,1,0
2108,143720,DeepCBOW,19,0,1,0
2109,143720,DeepCBOW,25,1,1,1
2110,143720,DeepCBOW,7,0,0,1
2111,143720,DeepCBOW,24,0,1,0
2112,143720,DeepCBOW,22,1,1,1
2113,143720,DeepCBOW,17,0,1,0
2114,143720,DeepCBOW,25,1,1,1
2115,143720,DeepCBOW,10,1,1,1
2116,143720,DeepCBOW,15,2,1,0
2117,143720,DeepCBOW,28,3,1,0
2118,143720,DeepCBOW,13,2,2,1
2119,143720,DeepCBOW,31,1,3,0
2120,143720,DeepCBOW,21,2,3,0
2121,143720,DeepCBOW,31,2,1,0
2122,143720,DeepCBOW,27,1,3,0
2123,143720,DeepCBOW,9,1,1,1
2124,143720,DeepCBOW,12,1,1,1
2125,143720,DeepCBOW,27,0,1,0
2126,143720,DeepCBOW,17,1,2,0
2127,143720,DeepCBOW,18,0,1,0
2128,143720,DeepCBOW,8,0,1,0
2129,143720,DeepCBOW,36,0,1,0
2130,143720,DeepCBOW,8,0,3,0
2131,143720,DeepCBOW,8,1,1,1
2132,143720,DeepCBOW,14,1,0,0
2133,143720,DeepCBOW,15,1,2,0
2134,143720,DeepCBOW,16,1,3,0
2135,143720,DeepCBOW,17,1,1,1
2136,143720,DeepCBOW,21,1,1,1
2137,143720,DeepCBOW,24,0,1,0
2138,143720,DeepCBOW,15,0,0,1
2139,143720,DeepCBOW,24,0,1,0
2140,143720,DeepCBOW,8,2,1,0
2141,143720,DeepCBOW,18,1,3,0
2142,143720,DeepCBOW,7,1,1,1
2143,143720,DeepCBOW,8,2,3,0
2144,143720,DeepCBOW,7,0,3,0
2145,143720,DeepCBOW,24,2,1,0
2146,143720,DeepCBOW,10,0,3,0
2147,143720,DeepCBOW,24,1,0,0
2148,143720,DeepCBOW,19,1,3,0
2149,143720,DeepCBOW,19,1,1,1
2150,143720,DeepCBOW,29,1,3,0
2151,143720,DeepCBOW,25,2,1,0
2152,143720,DeepCBOW,23,1,1,1
2153,143720,DeepCBOW,19,1,1,1
2154,143720,DeepCBOW,4,0,0,1
2155,143720,DeepCBOW,13,1,1,1
2156,143720,DeepCBOW,18,2,1,0
2157,143720,DeepCBOW,25,0,3,0
2158,143720,DeepCBOW,28,1,1,1
2159,143720,DeepCBOW,37,1,1,1
2160,143720,DeepCBOW,18,1,1,1
2161,143720,DeepCBOW,9,0,1,0
2162,143720,DeepCBOW,12,0,1,0
2163,143720,DeepCBOW,13,0,1,0
2164,143720,DeepCBOW,18,1,4,0
2165,143720,DeepCBOW,7,1,2,0
2166,143720,DeepCBOW,31,2,1,0
2167,143720,DeepCBOW,9,1,3,0
2168,143720,DeepCBOW,27,1,1,1
2169,143720,DeepCBOW,23,1,4,0
2170,143720,DeepCBOW,28,2,1,0
2171,143720,DeepCBOW,16,1,1,1
2172,143720,DeepCBOW,23,1,1,1
2173,143720,DeepCBOW,22,0,3,0
2174,143720,DeepCBOW,19,1,1,1
2175,143720,DeepCBOW,15,3,3,1
2176,143720,DeepCBOW,38,3,4,0
2177,143720,DeepCBOW,28,1,1,1
2178,143720,DeepCBOW,18,1,1,1
2179,143720,DeepCBOW,19,2,1,0
2180,143720,DeepCBOW,13,0,1,0
2181,143720,DeepCBOW,20,1,1,1
2182,143720,DeepCBOW,21,0,1,0
2183,143720,DeepCBOW,9,1,2,0
2184,143720,DeepCBOW,40,1,1,1
2185,143720,DeepCBOW,7,2,2,1
2186,143720,DeepCBOW,13,1,1,1
2187,143720,DeepCBOW,15,1,3,0
2188,143720,DeepCBOW,14,0,1,0
2189,143720,DeepCBOW,15,0,1,0
2190,143720,DeepCBOW,38,2,2,1
2191,143720,DeepCBOW,14,1,3,0
2192,143720,DeepCBOW,15,0,3,0
2193,143720,DeepCBOW,46,1,1,1
2194,143720,DeepCBOW,12,0,1,0
2195,143720,DeepCBOW,33,1,1,1
2196,143720,DeepCBOW,18,0,1,0
2197,143720,DeepCBOW,23,1,1,1
2198,143720,DeepCBOW,23,0,1,0
2199,143720,DeepCBOW,23,2,3,0
2200,143720,DeepCBOW,9,1,1,1
2201,143720,DeepCBOW,22,1,4,0
2202,143720,DeepCBOW,9,0,1,0
2203,143720,DeepCBOW,16,1,1,1
2204,143720,DeepCBOW,4,1,0,0
2205,143720,DeepCBOW,4,3,1,0
2206,143720,DeepCBOW,8,4,4,1
2207,143720,DeepCBOW,7,4,4,1
2208,143720,DeepCBOW,7,3,1,0
2209,143720,DeepCBOW,6,0,0,1
